"new_name","year4","n_obs","avg_conc","sd_conc","cv_conc"
"Asplanchna sp.",1984,13,3.83153846153846,4.94538816500425,1.29070560419705
"Asplanchna sp.",1985,19,4.77421052631579,4.7156386580416,0.98773161176045
"Asplanchna sp.",1986,14,4.39428571428571,5.2403005114735,1.19252612419748
"Asplanchna sp.",1987,14,4.84928571428571,4.78502064023474,0.986747517503114
"Asplanchna sp.",1988,12,2.43333333333333,2.97009131580873,1.22058547225016
"Asplanchna sp.",1989,8,8.265,13.9471277124923,1.68749276618177
"Asplanchna sp.",1990,12,3.85666666666667,5.45965089349016,1.41563981680817
"Asplanchna sp.",1991,15,2.83,3.00496969321537,1.06182674671921
"Asplanchna sp.",1992,3,14.21,17.0032085207469,1.19656639836361
"Asplanchna sp.",1993,3,3.44333333333333,4.57525226991183,1.3287276679318
"Asplanchna sp.",1994,7,2.85428571428571,3.10365836362433,1.08736779506358
"Asplanchna sp.",1995,5,62.25,132.850154873828,2.13413903411771
"Asplanchna sp.",1996,3,6.3,5.14198405287298,0.816187944900472
"Asplanchna sp.",1997,6,11.7333333333333,16.2153836422906,1.38199292405886
"Asplanchna sp.",1998,3,4.3,5.46717477313466,1.27143599375225
"Asplanchna sp.",1999,5,13.18,20.6493825573551,1.56672098310737
"Asplanchna sp.",2000,8,21.35,17.9793532380101,0.842124273443094
"Bosmina longirostris",1983,4,4.53,1.86130778396983,0.410884720523141
"Bosmina longirostris",1984,14,3.13785714285714,2.40419562294889,0.766190273646356
"Bosmina longirostris",1985,21,4.03142857142857,3.32626860868795,0.825084346591624
"Bosmina longirostris",1986,20,3.3275,2.33744771965177,0.702463627243207
"Bosmina longirostris",1987,20,6.3655,6.08614083497563,0.956113555097892
"Bosmina longirostris",1988,18,5.06555555555556,6.13636242336204,1.21138981816755
"Bosmina longirostris",1989,18,2.16,1.88160757301397,0.871114617136098
"Bosmina longirostris",1990,19,3.35052631578947,4.34017725404058,1.29537178490058
"Bosmina longirostris",1991,15,7.66466666666667,12.4606316433952,1.6257238814554
"Bosmina longirostris",1992,14,3.52285714285714,2.97201933053924,0.843638901612922
"Bosmina longirostris",1993,11,1.97,2.9932524116753,1.51941746785548
"Bosmina longirostris",1994,16,8.781875,12.0060369363361,1.3671382177879
"Bosmina longirostris",1995,13,5.99,8.10750680953563,1.35350697988909
"Bosmina longirostris",1996,11,3.43272727272727,4.14139611944834,1.20644484411896
"Bosmina longirostris",1997,10,6.07,5.3208290916193,0.876578104055897
"Bosmina longirostris",1998,14,15.2714285714286,20.5178507110808,1.34354494834018
"Bosmina longirostris",1999,13,6.36923076923077,6.23583523079636,0.979056256042906
"Bosmina longirostris",2000,9,7.77777777777778,9.59319782160487,1.23341114849205
"Conochiloides sp.",1983,1,0.69,NA,NA
"Conochiloides sp.",1984,11,1.95272727272727,2.85304430708354,1.46105620940032
"Conochiloides sp.",1985,12,1.15416666666667,1.14084066558062,0.988454006279235
"Conochiloides sp.",1986,11,2.63636363636364,4.73513732161438,1.79608657026753
"Conochiloides sp.",1987,13,35.0330769230769,48.1252637022412,1.37370930357933
"Conochiloides sp.",1988,8,4.56625,8.08754763730726,1.77115743494274
"Conochiloides sp.",1989,9,14.7011111111111,25.0971693844368,1.70716139717278
"Conochiloides sp.",1990,9,3.45,5.60089948133333,1.62344912502415
"Conochiloides sp.",1991,13,2.09615384615385,2.93284997474453,1.39915778611665
"Conochiloides sp.",1992,9,14.8844444444444,36.0508013472347,2.42204547719552
"Conochiloides sp.",1993,5,3.77,4.71934847198212,1.25181657081754
"Conochiloides sp.",1994,6,1.95166666666667,2.02688348620898,1.03853978798069
"Conochiloides sp.",1995,7,0.887142857142857,0.58693311049086,0.661599319393884
"Conochiloides sp.",1996,5,5.02,5.62912071286449,1.1213387874232
"Conochiloides sp.",1997,11,37.6,59.2925965024302,1.57693075804336
"Conochiloides sp.",1998,6,2.9,1.82428068015862,0.629062303502973
"Conochiloides sp.",1999,3,1.26666666666667,0.404145188432738,0.319061990867951
"Conochiloides sp.",2000,8,3.7125,2.42512886255555,0.653233363651328
"Conochiloides sp.",2007,1,1.7,NA,NA
"Conochilus unicornis",1983,4,13.6725,18.2647280753552,1.33587332787385
"Conochilus unicornis",1984,12,94.045,111.831282783892,1.1891252356201
"Conochilus unicornis",1985,21,48.4780952380952,102.883568251643,2.12226919697114
"Conochilus unicornis",1986,18,47.4161111111111,85.6221082732924,1.80575982017278
"Conochilus unicornis",1987,19,53.8010526315789,92.8455461682188,1.72571988143077
"Conochilus unicornis",1988,17,37.6435294117647,57.1467197156994,1.51810206451681
"Conochilus unicornis",1989,17,26.1852941176471,50.1557969129251,1.91541850504263
"Conochilus unicornis",1990,19,34.5273684210526,72.0638853026416,2.08715255746805
"Conochilus unicornis",1991,16,32.200625,75.2093375823995,2.33564837894915
"Conochilus unicornis",1992,11,15.0381818181818,16.5442550863929,1.10014995738316
"Conochilus unicornis",1993,9,17.2588888888889,26.8528980951984,1.55588799882048
"Conochilus unicornis",1994,12,46.355,84.4968616415588,1.82282087458869
"Conochilus unicornis",1995,10,54.313,87.8269882654402,1.6170527915129
"Conochilus unicornis",1996,6,7.825,5.05449403996087,0.645941730346438
"Conochilus unicornis",1997,9,17.8333333333333,21.4942434153892,1.20528467749846
"Conochilus unicornis",1998,6,31.7,34.0455577131584,1.07399235688197
"Conochilus unicornis",1999,9,8.48888888888889,9.88514598329792,1.1644805477707
"Conochilus unicornis",2000,15,14.72,14.296163321475,0.971206747382809
"Conochilus unicornis",2007,3,11.8333333333333,14.9131932641314,1.26026985330688
"Daphnia parvula",1984,8,0.51125,0.654706859158029,1.28060021351204
"Daphnia parvula",1985,6,0.786666666666667,0.98011563943581,1.24590971114722
"Daphnia parvula",1986,9,0.517777777777778,0.467219910154142,0.902356049653922
"Daphnia parvula",1987,9,0.993333333333333,1.36410226889336,1.37325731767787
"Daphnia parvula",1988,8,1.1425,0.607353744887254,0.531600651980091
"Daphnia parvula",1989,8,1.52375,1.66325788310601,1.09155562467991
"Daphnia parvula",1990,10,0.301,0.256274592315872,0.851410605700573
"Daphnia parvula",1991,11,0.680909090909091,0.485292788849258,0.712713041033624
"Daphnia parvula",1992,11,1.95090909090909,1.22850685423773,0.629709943924281
"Daphnia parvula",1993,7,0.391428571428571,0.299912685706389,0.766200291950628
"Daphnia parvula",1994,5,0.61,0.933675532505806,1.5306156270587
"Daphnia parvula",1995,8,0.835,0.790099451244679,0.946226887718178
"Daphnia parvula",1996,5,1.84,0.991463564635635,0.538838893823715
"Daphnia parvula",1997,6,0.766666666666667,0.0516397779494323,0.0673562321079551
"Daphnia parvula",1998,2,6.05,5.30330085889911,0.876578654363489
"Daphnia parvula",1999,6,3.68333333333333,2.21306725308262,0.600832738393472
"Daphnia parvula",2000,2,5.35,1.06066017177982,0.198254237715854
"Diacyclops thomasi",1983,4,4.885,2.80911017939845,0.575048143172662
"Diacyclops thomasi",1984,9,2.89666666666667,3.42579917683451,1.18266945115115
"Diacyclops thomasi",1985,19,2.85631578947368,2.46781777313551,0.863986321901137
"Diacyclops thomasi",1986,17,5.45882352941176,9.20015413074215,1.68537306274371
"Diacyclops thomasi",1987,16,5.85875,9.71593802299432,1.65836364804682
"Diacyclops thomasi",1988,13,7.64,16.3676388034438,2.1423610999272
"Diacyclops thomasi",1989,13,6.13846153846154,3.80529860009664,0.61991079951449
"Diacyclops thomasi",1990,14,3.99857142857143,4.70987482626883,1.17788938134626
"Diacyclops thomasi",1991,10,3.291,2.40861624635852,0.731879746690527
"Diacyclops thomasi",1992,11,5.13909090909091,9.39644023505227,1.82842459907262
"Diacyclops thomasi",1993,8,5.9925,9.37840338223943,1.56502350976044
"Diacyclops thomasi",1994,7,2.00571428571429,2.69491408114654,1.34361813162577
"Diacyclops thomasi",1995,9,1.65222222222222,1.8097222009039,1.09532614715098
"Diacyclops thomasi",1996,4,0.56,0.27712812921102,0.494871659305394
"Diacyclops thomasi",1997,9,2.92222222222222,3.72081233663355,1.2732817882016
"Diacyclops thomasi",1998,3,1.06666666666667,0.461880215351701,0.433012701892219
"Diacyclops thomasi",1999,5,6.54,3.62739576004604,0.554647669731811
"Diacyclops thomasi",2000,9,21.8888888888889,21.1792023247126,0.967577771179763
"Diacyclops thomasi",2007,1,0.3,NA,NA
"Diaphanosoma birgei",1983,2,1.625,2.22738636073762,1.37069929891546
"Diaphanosoma birgei",1984,7,3.31428571428571,2.91904583236176,0.880746587350532
"Diaphanosoma birgei",1985,11,1.51454545454545,1.11308906774223,0.734932757812999
"Diaphanosoma birgei",1986,9,2.63111111111111,3.28064187486399,1.24686557743986
"Diaphanosoma birgei",1987,8,4.7125,3.95172566283209,0.838562474871531
"Diaphanosoma birgei",1988,8,6.3625,6.68962042485008,1.05141381922988
"Diaphanosoma birgei",1989,9,3.02666666666667,2.42874453164593,0.802448633803721
"Diaphanosoma birgei",1990,11,1.97545454545455,1.4692063410996,0.743730775522117
"Diaphanosoma birgei",1991,10,1.985,2.27570379833971,1.14645027624167
"Diaphanosoma birgei",1992,9,2.30111111111111,3.09875154071944,1.34663273136045
"Diaphanosoma birgei",1993,8,0.9175,0.870398102676503,0.948662782208723
"Diaphanosoma birgei",1994,7,1.98571428571429,1.45073380446882,0.730585369156959
"Diaphanosoma birgei",1995,5,5.176,3.08093005438293,0.59523378175868
"Diaphanosoma birgei",1996,8,3.84375,3.92532414494104,1.02122254177328
"Diaphanosoma birgei",1997,4,3.6,2.2553639765383,0.626489993482862
"Diaphanosoma birgei",1998,6,4.16666666666667,2.75439043468181,0.661053704323635
"Diaphanosoma birgei",1999,5,4.7,2.31624696438009,0.492818503059594
"Diaphanosoma birgei",2007,2,0.45,0.212132034355964,0.471404520791032
"Disparalona acutirostris",1992,1,1.7,NA,NA
"Epischura lacustris",1985,1,0.28,NA,NA
"Epischura lacustris",1986,1,0.74,NA,NA
"Epischura lacustris",1987,1,0.02,NA,NA
"Epischura lacustris",1988,1,0.6,NA,NA
"Epischura lacustris",1991,1,0.32,NA,NA
"Epischura lacustris",1992,1,0.37,NA,NA
"Epischura lacustris",1994,1,0.05,NA,NA
"Epischura lacustris",1997,1,0.8,NA,NA
"Epischura lacustris",2005,3,0.5,0.346410161513776,0.692820323027551
"Epischura lacustris",2007,1,0.3,NA,NA
"Holopedium gibberum",1983,4,5.055,4.13303359128215,0.817612975525649
"Holopedium gibberum",1984,11,3.47181818181818,2.1678045030944,0.624400354386971
"Holopedium gibberum",1985,19,4.17105263157895,2.30492683599681,0.552600755633304
"Holopedium gibberum",1986,16,5.275,3.93571340420006,0.746106806483423
"Holopedium gibberum",1987,16,4.2125,2.27940489309527,0.541105019132409
"Holopedium gibberum",1988,14,3.79,2.70620369919533,0.714037915354967
"Holopedium gibberum",1989,14,3.215,1.85263948919456,0.576248674710594
"Holopedium gibberum",1990,15,3.77333333333333,3.6480203372449,0.966789842026033
"Holopedium gibberum",1991,14,3.33714285714286,2.91081915135038,0.872248889531363
"Holopedium gibberum",1992,12,5.48333333333333,8.02842261574275,1.4641500211081
"Holopedium gibberum",1993,10,5.012,4.37575593469288,0.873055852891637
"Holopedium gibberum",1994,6,2.38,1.60012499511757,0.672321426519987
"Holopedium gibberum",1995,11,7.99818181818182,7.19860100044699,0.90002967725525
"Holopedium gibberum",1996,5,8.06,8.44292603307645,1.04750943338417
"Holopedium gibberum",1997,3,1.26666666666667,0.404145188432738,0.319061990867951
"Holopedium gibberum",1998,1,0.8,NA,NA
"Holopedium gibberum",1999,5,1.54,1.65469030334984,1.07447422295444
"Holopedium gibberum",2000,7,6.4,4.18369852323675,0.653702894255742
"Holopedium gibberum",2007,1,0.8,NA,NA
"Kellicottia bostoniensis",1983,4,3.6325,2.6048848343065,0.717105253766414
"Kellicottia bostoniensis",1984,14,1.44857142857143,0.97080345109571,0.670179897206111
"Kellicottia bostoniensis",1985,19,3.78473684210526,5.37127480049719,1.41919373118407
"Kellicottia bostoniensis",1986,18,6.79222222222222,10.2121476427402,1.50350611458632
"Kellicottia bostoniensis",1987,19,5.29631578947368,6.18341079064362,1.16749284529692
"Kellicottia bostoniensis",1988,18,5.28777777777778,5.88065478102522,1.11212214812412
"Kellicottia bostoniensis",1989,15,4.86933333333333,6.7011123454742,1.37618681793692
"Kellicottia bostoniensis",1990,16,5.294375,12.2366509409233,2.31125504727628
"Kellicottia bostoniensis",1991,11,2.19818181818182,4.15278417012447,1.8891904826869
"Kellicottia bostoniensis",1992,10,3.016,2.42620508430576,0.804444656600052
"Kellicottia bostoniensis",1993,12,3.18583333333333,4.83854309089257,1.51876843030894
"Kellicottia bostoniensis",1994,8,0.36125,0.526048273178694,1.45618899149811
"Kellicottia bostoniensis",1995,8,1.43125,1.12215911145816,0.784041300582122
"Kellicottia bostoniensis",1996,14,5.52142857142857,6.94139517913849,1.25717377112469
"Kellicottia bostoniensis",1997,9,5.04444444444444,3.8752777678223,0.768226870273143
"Kellicottia bostoniensis",1998,17,18.0058823529412,34.0858561317637,1.89304003345307
"Kellicottia bostoniensis",1999,15,7.70666666666667,9.01248868964352,1.16944057391568
"Kellicottia bostoniensis",2000,12,14.4583333333333,26.8631365640836,1.85796909953316
"Kellicottia bostoniensis",2007,2,4.05,4.59619407771256,1.13486273523767
"Kellicottia longispina",1983,2,0.585,0.756604255869606,1.29334060832411
"Kellicottia longispina",1984,15,15.1566666666667,15.8722397675342,1.04721177265456
"Kellicottia longispina",1985,23,29.9604347826087,36.630697692492,1.22263571801552
"Kellicottia longispina",1986,20,20.864,27.8715700084664,1.33586896129536
"Kellicottia longispina",1987,20,24.6355,46.5995866793281,1.89156244766001
"Kellicottia longispina",1988,12,132.865,184.328342490933,1.38733558492404
"Kellicottia longispina",1989,17,18.0135294117647,30.0010370531538,1.66547245502927
"Kellicottia longispina",1990,16,136.750625,185.814321998019,1.35878225052367
"Kellicottia longispina",1991,9,176.05,208.762124737702,1.18581155772623
"Kellicottia longispina",1992,7,4.67714285714286,5.605323999811,1.19845045811475
"Kellicottia longispina",1993,13,25.0753846153846,26.9451679698434,1.074566487539
"Kellicottia longispina",1994,7,103.032857142857,106.986715641754,1.03837473412404
"Kellicottia longispina",1995,1,0.05,NA,NA
"Kellicottia longispina",1996,12,30.4916666666667,37.500023232316,1.22984498165562
"Kellicottia longispina",1997,15,100.693333333333,139.11481623191,1.38156928196415
"Kellicottia longispina",1998,4,23.7,14.9282729521312,0.629884934689082
"Kellicottia longispina",2000,2,1.15,0.494974746830583,0.430412823330942
"Kellicottia longispina",2005,3,3.43333333333333,2.91433239925259,0.848834679393957
"Kellicottia longispina",2007,4,0.925,1.25,1.35135135135135
"Keratella crassa",1983,2,0.56,0,0
"Keratella crassa",1984,14,2.69071428571429,2.51447949740242,0.934502600574301
"Keratella crassa",1985,18,16.7638888888889,32.8473138196017,1.95940894367135
"Keratella crassa",1986,17,5.59941176470588,9.19683537323317,1.64246455872428
"Keratella crassa",1987,20,36.117,34.9272486146486,0.967058410572545
"Keratella crassa",1988,19,8.91157894736842,10.7121090687947,1.20204389503366
"Keratella crassa",1989,14,12.125,15.7490101032023,1.29888743119195
"Keratella crassa",1990,5,0.44,0.218174242292714,0.49585055066526
"Keratella crassa",1991,14,12.145,32.277466240755,2.65767527713092
"Keratella crassa",1992,16,72.24375,62.077107844465,0.859273056070109
"Keratella crassa",1993,13,28.9107692307692,47.4161218120199,1.64008509886191
"Keratella crassa",1994,16,56.115625,82.8569066900883,1.47653896201082
"Keratella crassa",1995,15,18.2506666666667,21.103755070964,1.15632790058613
"Keratella crassa",1996,15,8.69133333333333,7.46002955439058,0.858329702507162
"Keratella crassa",1997,8,8.725,9.68986952587967,1.1105867651438
"Keratella crassa",1998,18,81.9944444444444,86.9811167622181,1.06081719745235
"Keratella crassa",1999,16,108.325,103.26287167548,0.953269066932657
"Keratella crassa",2000,14,102.557142857143,183.58476857503,1.7900729628433
"Keratella hiemalis",1984,7,4.83428571428571,3.72819821157109,0.771199393646503
"Keratella hiemalis",1985,10,22.223,23.7193531155937,1.06733353352804
"Keratella hiemalis",1986,10,32.016,44.257299259871,1.38234942715739
"Keratella hiemalis",1987,9,10.95,10.4616406457114,0.955400972211083
"Keratella hiemalis",1988,8,53.7175,83.1882400256877,1.54862456416787
"Keratella hiemalis",1989,9,10.9533333333333,17.7004837504516,1.61599060411913
"Keratella hiemalis",1990,8,6.50375,6.49685844411413,0.998940371956815
"Keratella hiemalis",1991,7,13.7571428571429,16.8403451214494,1.22411646781044
"Keratella hiemalis",1992,7,14.3157142857143,17.7329672805041,1.23870642614039
"Keratella hiemalis",1993,6,8.74,9.63469148442232,1.10236744673024
"Keratella hiemalis",1994,4,1.31,1.86897476351787,1.42669829276173
"Keratella hiemalis",1995,4,5.7925,5.49395046088574,0.948459294067457
"Keratella hiemalis",1996,5,4.72,8.42174269376594,1.78426751986567
"Keratella hiemalis",1997,2,9.1,2.12132034355964,0.233112125665895
"Keratella hiemalis",1998,3,1.53333333333333,0.750555349946513,0.489492619530335
"Keratella hiemalis",1999,5,7.26,7.31115585936998,1.00704626162121
"Keratella hiemalis",2000,5,17.6,18.3816484570889,1.04441184415278
"Keratella taurocephala",1983,4,28.41,12.8603006704094,0.452668098219269
"Keratella taurocephala",1984,15,42.2266666666667,40.0177395782468,0.947688812241399
"Keratella taurocephala",1985,24,25.225,27.1857249945309,1.07772943486743
"Keratella taurocephala",1986,21,27.6514285714286,15.3515651598507,0.555181629050192
"Keratella taurocephala",1987,20,59.1775,35.8786866618463,0.606289327224812
"Keratella taurocephala",1988,19,33.0063157894737,21.6829859594328,0.656934451507244
"Keratella taurocephala",1989,19,47.5689473684211,37.0903461376163,0.779717613895298
"Keratella taurocephala",1990,11,26.1572727272727,19.9130279419827,0.761280740144612
"Keratella taurocephala",1991,17,64.9070588235294,57.4494311073558,0.885102978761532
"Keratella taurocephala",1992,15,122.602,150.666660555204,1.22890866833497
"Keratella taurocephala",1993,13,49.9038461538462,39.3701029840456,0.788919212011704
"Keratella taurocephala",1994,16,12.731875,12.7813808428511,1.00388833874438
"Keratella taurocephala",1995,12,18.3916666666667,23.7528298154646,1.29149958217297
"Keratella taurocephala",1996,16,78.6,176.716698588447,2.24830405328813
"Keratella taurocephala",1997,15,37.4133333333333,33.735163229118,0.901688254520261
"Keratella taurocephala",1998,18,45.7111111111111,45.1814627382005,0.98841313719933
"Keratella taurocephala",1999,11,18.6545454545455,17.8654058804363,0.957697196319684
"Keratella taurocephala",2000,11,13.9181818181818,19.5464993378261,1.40438597463153
"Keratella taurocephala",2005,3,25.9333333333333,21.0003174579179,0.809780878840024
"Keratella taurocephala",2007,5,6.5,3.10885831134196,0.47828589405261
"Mesocyclops edax",1984,7,1.88285714285714,1.86249576541545,0.989185914864047
"Mesocyclops edax",1985,14,1.52642857142857,2.00057532933695,1.31062492329047
"Mesocyclops edax",1986,16,2.27375,2.07677915693187,0.913371811734744
"Mesocyclops edax",1987,14,2.84071428571429,2.59746167302949,0.914369208509249
"Mesocyclops edax",1988,13,1.78230769230769,1.55821026526244,0.874265578265501
"Mesocyclops edax",1989,12,2.46666666666667,3.18551931925288,1.29142675104846
"Mesocyclops edax",1990,10,1.422,1.34175506955132,0.943568965929198
"Mesocyclops edax",1991,11,2.20636363636364,1.48993471486017,0.675289734794473
"Mesocyclops edax",1992,11,3.34636363636364,2.83698880056751,0.847782580990018
"Mesocyclops edax",1993,9,1.50111111111111,1.72039562633457,1.14608146832059
"Mesocyclops edax",1994,13,4.82,4.69894491703545,0.974884837559223
"Mesocyclops edax",1995,12,3.8225,4.43390270324216,1.15994838541325
"Mesocyclops edax",1996,11,3.85454545454545,3.82945521879122,0.993490740724136
"Mesocyclops edax",1997,8,2.1,1.20356612970432,0.573126728430627
"Mesocyclops edax",1998,9,7.26666666666667,7.29914378540387,1.00446932826659
"Mesocyclops edax",1999,10,4.83,5.19060047907112,1.07465848427973
"Mesocyclops edax",2000,6,1.06666666666667,0.413118223595458,0.387298334620742
"Mesocyclops edax",2007,3,1.73333333333333,1.28970280814354,0.744059312390504
"Nauplii sp.",1983,4,12.1975,9.80164059396861,0.803577831028376
"Nauplii sp.",1984,15,57.3673333333333,58.5845248297177,1.02121750176728
"Nauplii sp.",1985,24,38.75125,33.3075539561745,0.859522052996343
"Nauplii sp.",1986,21,42.6885714285714,40.0218170858988,0.937530016736804
"Nauplii sp.",1987,20,37.3215,31.6658981896597,0.84846263386144
"Nauplii sp.",1988,19,52.2547368421053,43.9399903110824,0.840880520436893
"Nauplii sp.",1989,19,41.6921052631579,24.3606765502993,0.584299506981869
"Nauplii sp.",1990,19,50.1852631578947,51.6246389676287,1.02868124463561
"Nauplii sp.",1991,17,31.2494117647059,29.9135799994309,0.957252578853862
"Nauplii sp.",1992,15,31.9506666666667,21.0665674425029,0.659346725446613
"Nauplii sp.",1993,13,42.9238461538462,46.1917145417627,1.07613177011687
"Nauplii sp.",1994,15,38.0093333333333,34.673728520651,0.912242480460528
"Nauplii sp.",1995,15,21.2013333333333,19.9161861189287,0.939383660725523
"Nauplii sp.",1996,16,18.7475,16.21651524424,0.864996145845577
"Nauplii sp.",1997,15,27.3266666666667,24.1171979735466,0.882551767756034
"Nauplii sp.",1998,18,28.4111111111111,31.1554525279641,1.09659394897019
"Nauplii sp.",1999,16,60.69375,68.3875375464468,1.12676408273417
"Nauplii sp.",2000,17,33.1294117647059,25.9778214229437,0.784131683576071
"Nauplii sp.",2005,3,32.8666666666667,26.6635206477564,0.81126330571267
"Nauplii sp.",2007,5,13.1,11.225194875814,0.856885105023966
"Polyarthra remata",1983,4,64.6475,57.0472876217617,0.882436097633499
"Polyarthra remata",1984,15,35.668,80.7435918023397,2.26375439616294
"Polyarthra remata",1985,22,40.6895454545455,39.1281439907965,0.961626470723463
"Polyarthra remata",1986,21,83.3447619047619,110.988569529436,1.33168020392527
"Polyarthra remata",1987,20,66.929,70.4981408414808,1.05332726981549
"Polyarthra remata",1988,19,43.0542105263158,46.0962844147129,1.07065682661949
"Polyarthra remata",1989,18,16.7233333333333,19.1730371339852,1.14648418182092
"Polyarthra remata",1990,18,39.1438888888889,66.3390728746587,1.69474916156042
"Polyarthra remata",1991,17,50.4523529411765,54.4693982353178,1.07962057386749
"Polyarthra remata",1992,16,54.7825,48.8677048775569,0.892031303382593
"Polyarthra remata",1993,13,9.24153846153846,11.0286519621649,1.19337835448763
"Polyarthra remata",1994,16,32.315625,26.3269223340544,0.814680896131652
"Polyarthra remata",1995,15,67.3846666666667,94.7281309000105,1.40578169464879
"Polyarthra remata",1996,11,16.5972727272727,31.8831723926303,1.92098864172062
"Polyarthra remata",1997,13,45.6923076923077,88.1216154105456,1.92858754265504
"Polyarthra remata",1998,15,17.9866666666667,18.0255321564665,1.00216079446626
"Polyarthra remata",1999,15,53.6866666666667,40.729663929494,0.758655108583646
"Polyarthra remata",2000,17,117.358823529412,149.563335492123,1.27441065779464
"Polyarthra remata",2007,2,1.7,1.5556349186104,0.915079363888473
"Polyarthra vulgaris",1983,3,16.1366666666667,8.49009030183622,0.526136560741761
"Polyarthra vulgaris",1984,15,23.324,18.5825251244281,0.79671261895164
"Polyarthra vulgaris",1985,24,27.6429166666667,28.2162331444564,1.02074008631951
"Polyarthra vulgaris",1986,21,53.6638095238095,59.9033672239041,1.11627124044047
"Polyarthra vulgaris",1987,20,25.5875,25.0999402127617,0.980945391803094
"Polyarthra vulgaris",1988,19,35.9110526315789,41.8065559577996,1.1641696050156
"Polyarthra vulgaris",1989,17,41.8705882352941,64.7503448321501,1.54643981757032
"Polyarthra vulgaris",1990,17,46.4582352941176,43.9040259024292,0.945021385863707
"Polyarthra vulgaris",1991,16,33.751875,33.2669920930142,0.985633897169095
"Polyarthra vulgaris",1992,14,60.9942857142857,56.0175175505616,0.91840599319358
"Polyarthra vulgaris",1993,13,52.38,40.6596314952968,0.776243442063704
"Polyarthra vulgaris",1994,16,55.326875,43.7240394167404,0.790285723109075
"Polyarthra vulgaris",1995,15,47.052,46.8983859301911,0.996735227624565
"Polyarthra vulgaris",1996,13,52.6153846153846,85.3478455708739,1.62210817605462
"Polyarthra vulgaris",1997,14,13.4,13.3933967656856,0.999507221319819
"Polyarthra vulgaris",1998,10,74.92,99.1484050412422,1.32339035025684
"Polyarthra vulgaris",1999,10,5.67,9.92360261643366,1.75019446497948
"Polyarthra vulgaris",2000,16,63.2625,109.144796028029,1.72526846122156
"Polyarthra vulgaris",2005,3,20.2666666666667,31.4814760348579,1.55336230435154
"Polyarthra vulgaris",2007,5,13.52,18.4579793043551,1.36523515564756
"Polyphemus pediculuc",1984,1,0.79,NA,NA
"Sida crystallina",1985,1,3.58,NA,NA
"Synchaeta sp.",1985,4,54.8525,87.9033902929802,1.60254118395661
"Synchaeta sp.",1986,3,1.25333333333333,0.47247574893674,0.376975331598463
"Synchaeta sp.",1987,7,28.8071428571429,64.3824483624447,2.23494737682674
"Synchaeta sp.",1988,5,3.768,5.73087427885135,1.52093266423868
"Synchaeta sp.",1989,7,27.8,65.3854989020246,2.35199636338218
"Synchaeta sp.",1990,3,1.38,0.462276973253049,0.334983313951485
"Synchaeta sp.",1991,8,4.005,5.74052511286455,1.4333396037115
"Synchaeta sp.",1992,7,11.41,25.9467660155686,2.27403733703494
"Synchaeta sp.",1993,3,7.73333333333333,12.5773937416833,1.62638712176939
"Synchaeta sp.",1994,3,8.3,9.00013888781723,1.08435408286955
"Synchaeta sp.",1995,6,8.04333333333333,6.54868434623831,0.81417542638686
"Synchaeta sp.",1996,4,10.2,13.7332322002749,1.34639531375244
"Synchaeta sp.",1997,6,31.05,21.9608515317599,0.707273801344923
"Synchaeta sp.",1998,8,26.4,38.7684702524395,1.46850266107725
"Synchaeta sp.",1999,4,4.35,4.46504945847934,1.02644815137456
"Synchaeta sp.",2000,6,13.3666666666667,17.2716723760806,1.29214506554219
"Trichocerca cylindrica",1983,3,6.54666666666667,6.14509018105783,0.938659396291929
"Trichocerca cylindrica",1984,9,10.5011111111111,7.83203269343988,0.745828951867092
"Trichocerca cylindrica",1985,19,7.90947368421053,9.71322950853011,1.22805004433106
"Trichocerca cylindrica",1986,18,9.82111111111111,10.746902092006,1.09426540138086
"Trichocerca cylindrica",1987,14,7.05857142857143,6.87176369382244,0.973534625718622
"Trichocerca cylindrica",1988,16,13.165,25.4792655571807,1.9353790776438
"Trichocerca cylindrica",1989,8,6.35375,10.0233269890078,1.57754507007795
"Trichocerca cylindrica",1990,12,10.2858333333333,7.6952517335318,0.748140815056159
"Trichocerca cylindrica",1991,13,7.83076923076923,8.41403436877782,1.0744837602565
"Trichocerca cylindrica",1992,10,26.548,55.717120209541,2.09873136242056
"Trichocerca cylindrica",1993,7,11.9757142857143,14.0067565328819,1.16959675211944
"Trichocerca cylindrica",1994,12,13.2125,9.62875723596202,0.728761190990503
"Trichocerca cylindrica",1995,12,2.2575,2.32868329944003,1.03153191558805
"Trichocerca cylindrica",1996,9,11.1222222222222,7.41750931542687,0.66690892945896
"Trichocerca cylindrica",1997,7,15.4428571428571,13.1712891222863,0.852904938538428
"Trichocerca cylindrica",1998,3,10.8666666666667,5.63234705370091,0.518314146046096
"Trichocerca cylindrica",1999,12,22.7333333333333,18.9001362829783,0.831384293972651
"Trichocerca cylindrica",2000,13,41.4076923076923,73.4769517324816,1.77447589173743
"Tropocyclops prasinus",1983,3,9.25333333333333,1.62979548819272,0.176130636332066
"Tropocyclops prasinus",1984,14,2.32642857142857,2.96033160081995,1.2724790424157
"Tropocyclops prasinus",1985,23,1.18782608695652,1.24766311202452,1.05037524072343
"Tropocyclops prasinus",1986,20,1.55,1.29738197921815,0.837020631753644
"Tropocyclops prasinus",1987,19,3.59631578947368,4.88024385834961,1.35701204900692
"Tropocyclops prasinus",1988,19,5.52894736842105,7.35812392660645,1.33083631228484
"Tropocyclops prasinus",1989,16,6.2125,9.22245845748302,1.48450035532926
"Tropocyclops prasinus",1990,17,6.94117647058824,9.99385178644409,1.43979220652161
"Tropocyclops prasinus",1991,16,3.5375,2.91667504760701,0.824501780242263
"Tropocyclops prasinus",1992,15,4.726,4.10648059256864,0.868912524876986
"Tropocyclops prasinus",1993,12,4.065,5.22715027524559,1.28589182662868
"Tropocyclops prasinus",1994,15,3.11866666666667,4.44068988634274,1.42390654756608
"Tropocyclops prasinus",1995,12,10.0816666666667,8.58219174520793,0.851267159385809
"Tropocyclops prasinus",1996,15,2.444,1.26387047256773,0.517131944585813
"Tropocyclops prasinus",1997,11,2.92727272727273,1.48060184323194,0.505795660731408
"Tropocyclops prasinus",1998,16,15.94375,27.6463612735323,1.73399365102515
"Tropocyclops prasinus",1999,16,16.81875,16.9006200576586,1.0048677849221
"Tropocyclops prasinus",2000,11,6.50909090909091,6.12641078372232,0.94120836062773
"Tropocyclops prasinus",2005,2,0.6,0,0
