lakeid,year4,daynum,sampledate,thermocline_depth,epi_wtemp,detph_1mg_per_l_do,depth_max_do,depth_1percent_surf_irrad,thermocline_light,secchi,rain_daily,staff_gauge
"L",1994,174,1994-06-23,3.00,23.80,5.50,4.00,5.10,6.00,4.40,0.30,67.00
"L",1994,181,1994-06-30,3.00,21.20,6.00,4.00,5.20,7.00,4.40,0.00,65.50
"L",1994,188,1994-07-07,3.00,23.10,6.50,4.50,5.45,8.00,4.30,0.20,65.50
"L",1994,195,1994-07-14,3.50,21.10,5.50,4.50,5.60,7.00,5.00,0.10,69.50
"L",1994,202,1994-07-21,3.00,23.10,5.00,4.00,5.60,8.00,4.40,0.00,69.50
"L",1994,209,1994-07-28,4.00,20.70,5.50,4.50,5.50,4.00,4.70,0.00,68.50
"L",1994,216,1994-08-04,3.50,22.30,6.80,4.50,5.60,5.00,4.50,1.10,70.00
"L",1994,223,1994-08-11,4.50,19.50,6.00,0.00,5.20,2.00,5.00,0.00,78.00
"L",1994,230,1994-08-18,4.50,20.80,6.00,3.00,5.70,4.00,4.80,0.00,65.90
"L",1994,237,1994-08-25,4.50,20.90,6.00,2.50,5.30,5.00,5.40,0.00,69.00
"L",1994,244,1994-09-01,5.00,17.60,5.50,0.00,5.30,1.00,5.10,0.00,71.50
"L",1994,249,1994-09-06,5.00,16.70,5.00,0.00,5.70,2.00,4.80,,71.50
"L",1995,145,1995-05-25,4.00,12.80,6.90,3.50,6.00,6.67,4.60,0.00,82.00
"L",1995,152,1995-06-01,3.00,19.20,6.50,4.50,6.30,14.10,5.25,0.00,83.00
"L",1995,159,1995-06-08,3.00,16.70,7.00,5.00,5.90,10.44,5.55,0.00,90.00
"L",1995,166,1995-06-15,3.50,20.90,6.50,4.50,6.10,7.43,5.60,0.00,80.00
"L",1995,173,1995-06-22,3.00,27.20,8.00,5.50,6.00,9.26,5.40,0.00,77.50
"L",1995,180,1995-06-29,3.00,25.50,6.60,5.00,6.20,10.39,4.90,1.80,
"L",1995,187,1995-07-06,3.50,21.40,6.60,4.50,6.20,7.12,5.05,0.36,78.00
"L",1995,194,1995-07-13,3.50,23.80,6.60,5.00,6.10,7.12,4.10,0.90,77.40
"L",1995,201,1995-07-20,3.50,21.80,6.80,5.00,6.20,6.10,5.00,0.38,78.50
"L",1995,208,1995-07-27,3.50,24.10,100.00,4.50,5.80,5.37,5.20,0.00,76.50
"L",1995,215,1995-08-03,3.50,24.50,6.70,5.00,6.30,6.89,4.80,0.57,74.00
"L",1995,222,1995-08-10,3.50,24.90,6.60,4.50,5.70,5.25,4.50,,74.00
"L",1995,229,1995-08-17,4.00,24.20,7.00,4.00,5.90,4.35,3.50,0.00,74.20
"L",1995,236,1995-08-24,4.00,22.90,6.80,3.50,5.90,4.13,3.40,0.00,72.20
"L",1995,243,1995-08-31,4.50,21.90,6.60,2.50,6.00,3.15,4.40,0.00,73.00
"L",1995,248,1995-09-05,4.00,22.50,6.50,0.00,6.35,6.41,4.60,0.00,71.50
"L",1996,148,1996-05-27,2.00,15.40,5.00,2.50,5.00,21.90,3.75,0.00,91.50
"L",1996,155,1996-06-03,2.50,18.60,5.00,2.50,5.40,17.10,4.00,2.10,91.40
"L",1996,162,1996-06-10,2.50,19.20,5.40,3.00,5.30,14.20,4.90,0.04,90.40
"L",1996,169,1996-06-17,2.50,22.50,5.30,3.00,5.70,16.70,4.75,0.26,89.60
"L",1996,176,1996-06-24,3.00,17.50,5.20,3.25,6.00,13.03,4.90,1.65,90.00
"L",1996,183,1996-07-01,3.50,23.40,5.40,3.50,5.30,7.30,4.80,0.32,91.50
"L",1996,190,1996-07-08,3.00,23.00,5.50,3.50,6.00,10.00,4.30,2.40,94.00
"L",1996,197,1996-07-15,3.50,18.50,5.70,3.50,5.90,7.30,4.30,3.55,94.50
"L",1996,204,1996-07-22,4.00,22.20,5.80,4.00,5.70,4.60,4.20,0.28,94.00
"L",1996,211,1996-07-29,3.50,19.50,5.90,3.50,6.00,6.30,3.80,4.10,96.50
"L",1996,218,1996-08-05,4.00,22.30,6.00,2.00,5.90,4.50,3.50,0.96,95.40
"L",1996,225,1996-08-12,4.00,22.10,5.80,2.50,5.60,4.10,3.80,0.00,94.50
"L",1996,232,1996-08-19,4.50,22.10,5.70,2.50,6.10,3.20,4.20,0.00,94.50
"L",1996,239,1996-08-26,4.50,20.90,5.40,2.00,5.40,2.00,3.90,0.06,93.30
"L",1996,246,1996-09-02,4.50,21.70,5.30,0.50,6.10,3.60,4.50,0.00,90.60
"L",1997,146,1997-05-26,2.50,12.00,5.30,3.00,5.50,14.40,4.50,0.50,100.00
"L",1997,153,1997-06-02,2.00,19.30,5.70,3.00,5.85,23.20,4.90,0.00,100.00
"L",1997,160,1997-06-09,2.00,19.90,6.10,4.00,5.80,20.80,4.70,0.10,100.00
"L",1997,167,1997-06-16,2.50,19.50,6.30,3.50,6.00,13.00,4.05,0.98,97.10
"L",1997,174,1997-06-23,3.00,22.10,6.10,3.00,6.30,11.00,5.05,0.00,95.50
"L",1997,181,1997-06-30,3.00,23.80,6.20,3.50,6.40,10.50,4.10,1.90,97.50
"L",1997,188,1997-07-07,3.50,19.40,6.40,3.75,5.80,6.30,4.70,0.44,95.00
"L",1997,195,1997-07-14,3.50,24.50,6.50,4.00,6.30,8.20,4.80,0.48,99.50
"L",1997,202,1997-07-21,3.50,23.70,6.75,3.50,6.40,8.40,5.00,0.13,97.00
"L",1997,209,1997-07-28,3.50,23.50,6.40,4.00,5.90,6.30,5.10,0.12,95.50
"L",1997,216,1997-08-04,3.50,23.20,6.60,4.00,6.60,7.60,5.00,0.00,93.00
"L",1997,223,1997-08-11,4.00,21.50,6.40,3.50,6.10,4.50,5.90,0.29,89.50
"L",1997,230,1997-08-18,4.50,19.00,6.30,4.50,5.90,3.20,6.00,5.95,93.00
"L",1997,237,1997-08-25,4.50,18.10,6.00,4.50,6.40,3.90,5.60,0.05,93.50
"L",1997,244,1997-09-01,5.00,20.00,6.00,8.60,6.60,3.90,5.20,2.65,95.50
"L",1998,145,1998-05-25,3.00,19.30,5.70,4.50,4.60,8.20,4.50,0.00,77.80
"L",1998,152,1998-06-01,3.50,17.00,5.50,4.50,4.50,4.30,4.25,2.20,77.00
"L",1998,159,1998-06-08,4.00,15.60,5.40,4.50,4.80,3.20,4.50,0.07,88.20
"L",1998,166,1998-06-15,4.00,20.40,5.40,4.50,4.90,3.50,4.30,0.00,92.00
"L",1998,173,1998-06-22,4.00,22.50,5.50,4.50,4.90,3.00,3.30,0.25,90.00
"L",1998,180,1998-06-29,2.50,24.60,5.50,4.50,5.00,8.00,4.40,1.05,91.00
"L",1998,187,1998-07-06,3.50,22.50,5.90,4.50,5.10,6.70,3.50,3.05,92.50
"L",1998,194,1998-07-13,3.50,24.70,5.50,4.50,5.20,6.30,4.80,0.00,90.00
"L",1998,201,1998-07-20,3.50,24.50,5.40,4.50,5.20,5.20,5.10,0.00,87.50
"L",1998,208,1998-07-27,4.00,22.20,5.20,4.00,5.10,3.10,4.40,0.10,84.00
"L",1998,215,1998-08-03,4.00,23.30,5.00,4.00,5.60,4.40,3.40,0.00,81.50
"L",1998,222,1998-08-10,4.00,23.40,5.10,4.00,5.40,4.60,4.25,0.75,80.00
"L",1998,229,1998-08-17,4.00,22.60,5.00,3.50,5.60,4.50,4.10,1.75,80.05
"L",1998,236,1998-08-24,4.00,22.30,4.80,0.00,5.40,3.50,3.90,3.00,82.00
"L",1998,241,1998-08-29,4.00,22.50,4.90,1.00,5.60,3.70,4.80,0.00,80.00
"L",1999,144,1999-05-24,3.00,14.30,5.80,4.50,6.00,7.02,4.75,0.30,102.00
"L",1999,151,1999-05-31,1.50,21.00,5.90,3.50,5.80,21.80,,0.00,
"L",1999,158,1999-06-07,3.00,20.50,5.70,3.75,5.10,4.82,3.75,2.35,103.00
"L",1999,165,1999-06-14,2.00,20.80,5.90,4.00,5.20,12.09,4.25,2.73,103.00
"L",1999,172,1999-06-21,3.00,20.00,5.90,4.00,5.60,6.49,5.00,0.29,100.00
"L",1999,179,1999-06-28,3.00,22.80,6.40,4.00,5.50,6.53,5.00,0.60,99.00
"L",1999,186,1999-07-05,3.00,24.70,6.40,4.00,5.50,6.03,4.25,10.70,108.00
"L",1999,193,1999-07-12,3.50,21.50,6.50,4.00,5.20,3.40,4.60,4.20,101.50
"L",1999,200,1999-07-19,3.50,23.80,6.30,4.00,4.90,3.28,4.70,0.44,99.50
"L",1999,207,1999-07-26,3.50,26.30,6.40,4.00,5.20,3.62,4.75,3.40,98.00
"L",1999,214,1999-08-02,3.00,24.20,5.80,4.00,4.90,5.54,4.70,2.40,98.50
"L",1999,221,1999-08-09,3.50,21.70,5.70,3.50,5.60,5.79,5.25,1.00,93.00
"L",1999,228,1999-08-16,4.00,20.70,5.40,0.00,5.80,4.19,5.50,4.50,
"L",1999,235,1999-08-23,4.50,21.30,5.00,2.00,6.10,3.17,5.50,0.78,99.00
"L",1999,241,1999-08-29,4.50,21.90,5.30,0.50,5.30,2.22,5.50,0.00,96.80
"M",1999,162,1999-06-11,3.50,22.70,9.90,3.50,6.90,8.33,5.25,,
"M",1999,196,1999-07-15,4.50,22.80,9.20,0.00,6.30,4.39,4.50,,
"M",1999,232,1999-08-20,5.50,21.60,8.10,0.00,7.40,4.79,,,
"R",1990,142,1990-05-22,4.50,12.00,9.10,1.50,8.00,8.00,,,
"R",1990,149,1990-05-29,2.50,15.60,12.00,3.50,7.00,7.00,,,
"R",1990,156,1990-06-05,3.50,15.20,9.20,4.50,8.00,8.00,,,
"R",1990,163,1990-06-12,4.00,16.40,8.60,4.50,8.00,8.00,,,
"R",1990,170,1990-06-19,3.50,17.80,8.20,4.00,6.50,6.50,,,
"R",1990,177,1990-06-26,4.50,19.90,7.90,4.50,7.50,7.50,,,
"R",1990,184,1990-07-03,4.00,23.40,7.80,4.50,8.00,8.00,,,
"R",1990,191,1990-07-10,3.50,21.60,7.90,4.50,7.00,7.00,,,
"R",1990,198,1990-07-17,4.00,21.30,8.80,5.00,6.25,6.25,,,
"R",1990,205,1990-07-24,4.00,22.20,8.10,4.50,7.00,7.00,,,
"R",1990,212,1990-07-31,4.00,21.70,8.40,4.00,7.00,7.00,,,
"R",1990,219,1990-08-07,4.00,21.40,8.70,4.50,7.25,7.25,,,
"R",1990,226,1990-08-14,5.00,20.70,8.50,4.50,7.25,7.25,,,
"R",1990,233,1990-08-21,4.50,20.40,8.70,4.00,7.00,7.00,,,
"R",1990,239,1990-08-27,5.00,22.10,8.50,5.00,8.50,8.50,,,
"R",1990,247,1990-09-04,4.50,20.80,8.50,5.00,7.50,6.10,,,
"R",1990,253,1990-09-10,5.00,19.30,8.30,5.00,7.00,3.50,,,
"R",1991,140,1991-05-20,2.50,15.60,8.45,4.25,6.50,21.40,4.50,,
"R",1991,148,1991-05-28,2.50,20.20,7.88,4.00,6.50,17.40,4.25,,
"R",1991,155,1991-06-04,2.50,21.10,7.73,4.50,6.75,14.80,4.00,,
"R",1991,162,1991-06-11,2.50,20.90,7.76,4.75,7.80,27.60,5.75,,
"R",1991,169,1991-06-18,3.50,23.20,8.38,5.00,7.60,12.00,5.75,,
"R",1991,176,1991-06-25,3.50,21.80,7.91,4.50,7.40,9.40,5.00,,
"R",1991,183,1991-07-02,3.50,21.30,7.85,5.00,7.00,6.40,5.50,,
"R",1991,190,1991-07-09,4.50,22.60,7.86,4.50,7.50,6.90,6.50,,
"R",1991,197,1991-07-16,4.00,23.60,7.93,5.00,7.25,7.30,5.80,,
"R",1991,204,1991-07-23,4.00,24.60,7.85,5.00,7.75,8.10,6.75,,
"R",1991,211,1991-07-30,4.50,20.00,7.93,4.50,7.50,5.10,5.75,,
"R",1991,218,1991-08-06,4.50,21.00,8.47,5.00,8.00,7.40,5.25,,
"R",1991,225,1991-08-13,4.50,22.40,7.97,5.00,7.40,7.10,5.80,,
"R",1991,232,1991-08-20,5.00,21.60,8.00,5.50,7.30,3.80,6.25,,
"R",1991,239,1991-08-27,4.50,22.30,7.96,5.25,7.74,5.70,6.10,,
"R",1991,246,1991-09-03,5.50,21.20,7.97,5.25,8.40,5.00,5.50,,
"R",1992,141,1992-05-20,3.50,16.80,7.50,3.50,6.10,7.76,4.40,,
"R",1992,148,1992-05-27,3.00,15.30,7.75,4.50,6.40,11.50,4.70,,
"R",1992,155,1992-06-03,3.50,19.50,10.00,5.00,7.00,9.58,4.75,,
"R",1992,162,1992-06-10,3.00,19.80,7.77,4.75,6.90,12.00,5.00,,
"R",1992,169,1992-06-17,3.50,19.00,8.75,5.50,3.60,1.14,4.25,,
"R",1992,176,1992-06-24,4.00,16.00,9.33,5.50,7.10,8.09,5.00,,
"R",1992,183,1992-07-01,4.00,17.50,8.80,5.00,7.10,8.73,5.10,,
"R",1992,190,1992-07-08,5.00,17.90,9.00,5.50,6.40,2.68,3.50,,
"R",1992,197,1992-07-15,5.00,19.80,7.97,6.00,6.10,2.25,3.70,,
"R",1992,204,1992-07-22,5.50,19.00,8.50,5.50,6.90,2.56,4.30,,
"R",1992,211,1992-07-29,4.50,20.40,7.75,5.50,6.50,3.95,4.90,,
"R",1992,218,1992-08-05,4.00,20.50,7.33,6.00,6.30,4.64,4.50,,
"R",1992,225,1992-08-12,4.50,20.80,6.90,5.25,6.30,3.48,4.10,,
"R",1992,232,1992-08-19,4.00,20.00,6.90,5.00,6.30,4.72,4.75,,
"R",1992,239,1992-08-26,4.50,19.70,6.90,5.00,6.60,3.58,4.00,,
"R",1992,246,1992-09-02,5.00,18.00,6.90,4.75,7.10,5.16,3.70,,
"R",1992,253,1992-09-09,5.00,17.00,6.90,0.00,6.80,3.15,4.10,,
"R",1993,139,1993-05-19,2.50,12.80,5.50,4.00,5.75,12.00,4.00,,42.00
"R",1993,146,1993-05-26,3.00,14.00,7.00,4.00,5.85,10.00,4.00,,44.00
"R",1993,153,1993-06-02,3.50,13.00,7.00,1.00,5.50,5.00,3.40,0.00,44.50
"R",1993,160,1993-06-09,3.00,15.70,6.50,5.00,6.10,9.00,3.25,1.00,47.00
"R",1993,167,1993-06-16,2.50,18.40,8.00,5.00,6.10,10.00,3.20,0.00,44.50
"R",1993,174,1993-06-23,3.00,19.50,6.40,3.00,5.60,7.50,3.10,0.00,48.50
"R",1993,181,1993-06-30,3.00,18.80,5.90,2.50,5.90,6.00,1.90,0.00,54.50
"R",1993,188,1993-07-07,3.00,20.80,6.50,2.50,4.20,5.00,1.70,0.00,44.50
"R",1993,195,1993-07-14,3.50,20.80,6.25,3.00,4.10,2.50,1.50,0.30,43.00
"R",1993,202,1993-07-21,3.00,22.20,6.10,3.00,4.50,5.00,3.00,0.40,41.00
"R",1993,209,1993-07-28,3.00,22.70,6.00,3.50,6.20,10.00,4.40,0.80,15.28
"R",1993,216,1993-08-04,3.50,20.20,6.60,4.00,5.20,5.00,3.80,0.35,15.27
"R",1993,223,1993-08-11,4.00,22.00,6.40,3.50,4.70,2.50,2.60,0.00,15.25
"R",1993,230,1993-08-18,4.00,23.40,5.90,3.50,4.90,5.00,2.75,0.00,15.20
"R",1993,237,1993-08-25,3.50,22.80,5.60,3.50,4.40,5.00,2.50,0.30,15.12
"R",1993,243,1993-08-31,4.00,21.30,5.60,3.50,4.80,5.00,2.30,0.00,15.20
"R",1993,250,1993-09-07,4.50,17.70,5.50,4.00,4.80,1.00,1.50,0.00,15.16
"R",1994,137,1994-05-17,3.50,13.40,6.50,3.50,6.70,25.00,3.80,0.00,15.42
"R",1994,145,1994-05-25,2.00,19.00,6.50,4.00,6.70,25.00,4.90,2.00,15.34
"R",1994,152,1994-06-01,3.00,17.40,6.50,4.00,5.90,14.00,4.20,0.05,15.32
"R",1994,159,1994-06-08,3.50,17.80,6.50,4.50,6.00,7.00,3.30,0.15,15.30
"R",1994,166,1994-06-15,3.50,21.50,6.50,3.00,6.00,7.00,3.00,0.00,15.28
"R",1994,173,1994-06-22,3.00,23.80,6.50,3.50,6.00,10.00,3.20,0.00,15.27
"R",1994,180,1994-06-29,3.00,22.80,12.00,3.50,6.00,10.00,3.60,0.60,15.28
"R",1994,187,1994-07-06,4.50,22.00,8.00,3.50,6.10,4.00,2.80,0.90,15.26
"R",1994,194,1994-07-13,4.00,21.60,7.00,4.00,5.30,3.00,2.70,0.00,15.40
"R",1994,201,1994-07-20,4.00,22.60,7.00,3.50,4.40,2.00,1.50,1.90,15.39
"R",1994,208,1994-07-27,4.00,21.20,6.50,4.00,4.90,2.00,1.40,0.10,15.36
"R",1994,215,1994-08-03,4.50,22.30,7.00,4.50,5.10,2.00,1.50,0.00,15.30
"R",1994,222,1994-08-10,4.50,19.90,6.50,4.50,5.20,2.00,2.00,0.00,15.34
"R",1994,229,1994-08-17,4.50,20.20,7.00,4.50,6.20,5.00,4.50,0.00,15.26
"R",1994,236,1994-08-24,4.50,20.30,7.00,4.50,6.40,5.00,5.10,0.00,15.37
"R",1994,243,1994-08-31,5.00,18.50,9.00,5.00,6.40,4.00,5.20,2.10,15.48
"R",1994,249,1994-09-06,5.00,17.00,6.50,0.00,6.70,4.00,5.80,1.40,15.44
"R",1995,144,1995-05-24,3.00,13.00,10.50,3.50,4.70,9.85,4.25,0.00,15.63
"R",1995,151,1995-05-31,3.00,17.30,8.60,3.50,5.70,11.07,5.25,0.00,15.60
"R",1995,158,1995-06-07,3.00,20.20,7.70,4.00,6.00,13.23,4.50,0.80,15.48
"R",1995,165,1995-06-14,3.00,19.20,8.00,3.50,5.75,12.60,4.60,,15.42
"R",1995,172,1995-06-21,2.50,27.10,7.60,4.00,6.20,17.48,5.00,0.00,15.31
"R",1995,179,1995-06-28,2.50,24.80,8.50,5.00,6.30,15.58,4.20,0.75,15.30
"R",1995,186,1995-07-05,3.50,21.60,7.40,5.50,6.10,7.60,3.50,0.44,15.32
"R",1995,193,1995-07-12,3.50,23.20,7.40,4.00,5.90,7.41,3.10,,15.27
"R",1995,200,1995-07-19,3.50,22.50,7.00,4.00,5.00,4.84,2.10,0.00,15.34
"R",1995,207,1995-07-26,3.50,24.10,100.00,5.00,5.00,4.31,2.25,0.00,15.26
"R",1995,214,1995-08-02,3.50,24.50,12.00,3.50,4.50,2.42,2.20,0.00,15.17
"R",1995,221,1995-08-09,3.50,24.30,7.50,3.50,4.70,3.67,1.95,0.40,15.16
"R",1995,228,1995-08-16,4.00,24.70,6.90,3.00,4.70,1.90,1.80,0.00,15.16
"R",1995,235,1995-08-23,3.50,23.70,8.00,4.50,4.90,3.74,1.80,0.00,15.10
"R",1995,242,1995-08-30,5.00,21.50,6.30,1.50,4.40,0.56,1.50,,15.11
"R",1995,248,1995-09-05,4.50,22.60,6.00,3.00,4.50,0.97,1.40,0.00,15.06
"R",1996,149,1996-05-28,2.00,15.60,5.40,2.75,6.00,21.40,4.20,0.00,15.88
"R",1996,156,1996-06-04,2.50,16.70,5.80,2.75,5.90,9.20,2.25,0.70,15.80
"R",1996,163,1996-06-11,2.50,20.70,6.00,2.25,5.60,6.50,1.80,0.18,15.71
"R",1996,170,1996-06-18,2.00,20.80,5.40,2.50,5.50,7.80,1.75,0.00,15.58
"R",1996,177,1996-06-25,2.50,18.40,5.40,2.50,4.90,5.50,2.40,0.10,15.58
"R",1996,184,1996-07-02,2.50,22.90,5.70,2.50,4.50,4.60,1.70,2.55,15.69
"R",1996,191,1996-07-09,2.50,21.30,5.80,2.50,1.80,0.68,0.80,0.16,15.66
"R",1996,198,1996-07-16,3.00,20.20,5.40,2.50,1.70,,0.55,0.00,15.68
"R",1996,205,1996-07-23,3.00,21.90,5.00,2.00,1.70,,0.70,0.00,15.63
"R",1996,212,1996-07-30,3.00,18.30,4.40,1.00,1.60,,0.70,0.20,15.75
"R",1996,219,1996-08-06,3.00,22.20,4.40,1.50,1.90,,0.70,0.75,15.76
"R",1996,226,1996-08-13,2.50,22.70,4.20,1.50,2.70,1.22,0.75,1.55,15.70
"R",1996,233,1996-08-20,3.00,21.60,3.80,0.00,6.10,5.33,4.60,0.00,15.62
"R",1996,240,1996-08-27,3.00,20.20,2.50,0.50,2.40,0.43,1.00,0.00,15.56
"R",1996,246,1996-09-02,3.00,22.00,2.70,2.00,2.30,,0.70,0.00,15.48
"R",1997,147,1997-05-27,2.50,13.00,5.80,3.50,5.50,12.60,3.60,0.00,15.56
"R",1997,154,1997-06-03,1.50,19.10,7.50,3.50,6.30,29.20,4.20,0.00,15.49
"R",1997,161,1997-06-10,2.00,21.30,6.40,3.50,5.75,17.50,4.10,0.00,15.48
"R",1997,168,1997-06-17,2.50,19.00,6.00,3.00,5.30,11.20,3.00,0.00,15.44
"R",1997,175,1997-06-24,3.50,23.90,5.90,2.50,5.20,5.20,1.90,0.00,15.38
"R",1997,182,1997-07-01,3.00,24.30,6.30,2.50,4.90,4.70,1.90,0.54,15.54
"R",1997,189,1997-07-08,3.50,19.50,5.70,3.50,5.00,3.20,2.10,1.65,15.56
"R",1997,196,1997-07-15,3.00,24.10,6.00,3.50,5.40,9.50,3.30,0.05,15.49
"R",1997,203,1997-07-22,3.00,22.70,5.90,4.00,4.80,7.00,2.30,0.00,15.38
"R",1997,210,1997-07-29,3.00,23.10,5.80,4.00,4.25,4.40,2.30,0.00,15.32
"R",1997,217,1997-08-05,3.00,22.50,5.40,4.00,4.00,3.10,1.50,0.00,15.22
"R",1997,224,1997-08-12,3.50,21.80,5.40,3.50,4.90,3.50,1.75,0.00,15.12
"R",1997,231,1997-08-19,4.00,19.30,5.50,0.50,3.75,0.75,1.10,0.00,15.24
"R",1997,238,1997-08-26,4.00,18.80,4.90,2.00,3.70,0.79,1.00,0.00,15.28
"R",1997,245,1997-09-02,5.00,19.60,4.60,2.00,3.30,,0.90,0.56,15.34
"R",1998,146,1998-05-26,3.00,19.90,9.30,4.00,4.80,12.40,2.75,0.00,15.08
"R",1998,153,1998-06-02,3.50,17.10,9.90,4.00,4.80,11.90,2.90,0.00,15.20
"R",1998,160,1998-06-09,4.00,15.70,9.60,4.00,5.00,11.00,4.00,0.00,15.12
"R",1998,167,1998-06-16,4.00,20.60,6.00,4.00,5.40,7.90,4.50,0.00,15.20
"R",1998,174,1998-06-23,4.00,22.00,6.00,4.00,5.00,14.00,4.25,0.00,15.16
"R",1998,181,1998-06-30,4.00,23.20,6.30,5.00,5.70,9.70,3.70,0.52,15.23
"R",1998,188,1998-07-07,3.50,22.00,6.30,5.00,5.60,13.00,4.50,0.00,15.25
"R",1998,195,1998-07-14,4.50,25.50,6.60,5.00,5.80,6.75,5.00,0.00,15.15
"R",1998,202,1998-07-21,4.50,24.90,6.00,5.00,5.70,4.60,4.50,0.00,15.05
"R",1998,209,1998-07-28,4.50,22.60,6.00,4.50,5.90,5.90,4.60,0.10,14.90
"R",1998,216,1998-08-04,4.50,23.00,6.00,4.50,5.20,4.00,4.50,0.00,14.85
"R",1998,223,1998-08-11,4.50,23.40,5.70,4.50,5.50,3.80,4.25,0.00,14.80
"R",1998,230,1998-08-18,4.50,22.00,5.90,4.50,5.40,3.10,5.00,0.00,14.80
"R",1998,237,1998-08-25,5.00,22.50,5.80,4.50,5.90,2.80,3.50,0.00,14.86
"R",1998,242,1998-08-30,4.50,22.40,5.40,0.00,6.00,4.30,3.60,0.00,14.79
"R",1999,144,1999-05-24,3.00,14.50,5.50,3.25,5.50,7.97,2.80,,
"R",1999,151,1999-05-31,1.50,20.30,5.50,3.50,4.70,24.15,2.75,,15.36
"R",1999,158,1999-06-07,4.00,19.80,5.50,4.00,5.00,2.48,3.25,,15.36
"R",1999,165,1999-06-14,2.50,21.10,5.50,4.00,4.80,11.76,2.50,,15.34
"R",1999,172,1999-06-21,3.00,20.20,6.10,4.50,5.30,10.08,3.75,,15.22
"R",1999,179,1999-06-28,3.00,22.80,5.90,4.00,5.30,8.24,3.25,,15.18
"R",1999,186,1999-07-05,3.50,24.40,5.90,4.00,4.70,4.99,3.25,,15.50
"R",1999,193,1999-07-12,3.50,22.40,6.00,4.00,5.00,3.86,3.10,,15.56
"R",1999,200,1999-07-19,3.25,24.10,6.00,4.00,5.50,6.22,4.00,,15.46
"R",1999,207,1999-07-26,3.50,26.60,6.30,4.00,5.60,6.05,4.00,,15.46
"R",1999,214,1999-08-02,3.00,24.60,6.50,4.50,5.50,7.56,3.25,,15.39
"R",1999,221,1999-08-09,3.50,22.10,6.40,4.00,5.40,4.36,3.50,,15.34
"R",1999,228,1999-08-16,4.00,20.70,6.10,4.00,5.50,3.41,3.20,,15.45
"R",1999,235,1999-08-23,4.00,21.30,6.00,4.00,5.75,3.53,3.50,,15.40
"R",1999,241,1999-08-29,4.00,22.30,6.00,4.00,5.20,2.43,3.10,,15.34
"T",1991,151,1991-05-31,2.50,21.50,5.36,3.00,3.00,2.50,2.28,,
"T",1991,158,1991-06-07,2.50,21.80,4.88,3.00,3.40,4.30,2.75,,
"T",1991,165,1991-06-14,2.50,22.60,4.67,3.00,3.35,2.50,2.50,,
"T",1991,172,1991-06-21,2.50,22.10,4.74,3.00,3.40,2.60,,,
"T",1991,179,1991-06-28,2.50,25.40,4.38,3.00,3.20,2.20,2.90,,
"T",1991,186,1991-07-05,3.00,21.80,3.99,3.00,2.90,0.60,2.50,,
"T",1991,193,1991-07-12,2.50,23.70,3.98,3.00,3.30,2.50,2.25,,
"T",1991,200,1991-07-19,2.50,25.70,3.98,3.00,3.25,1.80,3.00,,
"T",1991,207,1991-07-26,3.00,21.10,3.95,3.00,3.25,1.40,2.75,,
"T",1991,214,1991-08-02,3.00,21.60,3.91,3.00,3.40,1.50,3.05,,
"T",1991,221,1991-08-09,3.00,21.20,3.85,0.50,3.30,1.50,3.00,,
"T",1991,228,1991-08-16,3.50,23.90,3.82,0.00,3.30,0.80,3.40,,
"T",1991,235,1991-08-23,3.00,21.60,3.85,0.50,3.85,3.20,3.00,,
"T",1991,242,1991-08-30,3.00,24.90,3.65,0.00,3.30,1.40,3.75,,
"T",1991,249,1991-09-06,3.50,18.70,3.61,0.00,3.50,1.00,3.25,,
"T",1993,148,1993-05-28,2.50,12.10,5.25,1.50,3.25,4.00,1.90,,
"T",1993,162,1993-06-11,2.00,18.20,5.50,2.50,3.00,5.00,2.50,0.00,
"T",1993,176,1993-06-25,2.00,20.70,4.10,0.00,3.00,5.00,3.20,0.20,
"T",1993,190,1993-07-09,2.50,21.60,7.00,0.50,3.25,5.00,2.50,0.00,
"T",1993,204,1993-07-23,2.50,22.40,3.75,0.00,3.10,1.00,2.60,0.00,
"T",1993,218,1993-08-06,3.00,19.00,3.40,0.00,3.40,1.00,2.60,0.00,
"T",1993,232,1993-08-20,2.50,22.80,3.75,0.00,3.60,5.00,2.80,0.00,
"T",1993,246,1993-09-03,3.00,19.20,3.00,0.00,3.60,1.00,2.50,0.00,
"T",1994,154,1994-06-03,2.50,17.30,5.50,3.00,3.50,4.00,1.80,0.00,
"T",1994,168,1994-06-17,2.50,24.20,4.50,3.00,3.60,5.00,2.20,0.00,
"T",1994,182,1994-07-01,2.50,21.90,4.50,2.50,3.40,4.00,2.30,0.80,
"T",1994,196,1994-07-15,3.00,21.50,4.50,3.00,3.40,1.00,2.40,0.00,
"T",1994,210,1994-07-29,3.00,21.60,4.50,0.00,3.80,3.00,3.00,0.00,
"T",1994,224,1994-08-12,3.50,20.10,4.00,0.00,4.10,2.00,2.90,0.00,
"T",1994,239,1994-08-27,3.50,21.90,4.50,2.00,4.20,2.00,3.20,0.10,
"T",1994,245,1994-09-02,4.00,17.00,4.00,0.00,3.70,0.00,2.40,0.00,
"T",1995,146,1995-05-26,2.50,13.80,4.40,2.50,3.00,2.26,2.50,0.00,
"T",1995,160,1995-06-09,2.50,17.50,4.30,2.50,3.10,2.39,1.90,,
"T",1995,174,1995-06-23,2.00,27.30,5.30,2.50,3.50,7.41,3.00,0.00,
"T",1995,188,1995-07-07,3.00,19.40,3.90,2.50,3.50,1.97,2.80,,
"T",1995,202,1995-07-21,2.50,22.20,4.00,3.00,3.40,3.46,2.90,0.00,
"T",1995,216,1995-08-04,2.50,25.10,4.50,2.50,3.70,5.17,2.90,,
"T",1995,230,1995-08-18,3.00,24.50,4.50,0.50,3.50,2.17,2.75,0.00,
"T",1996,152,1996-05-31,2.00,17.40,5.00,0.00,2.90,3.96,2.25,0.00,
"T",1996,180,1996-06-28,2.00,23.00,3.40,1.50,2.80,3.72,1.90,0.00,
"T",1996,208,1996-07-26,2.50,20.70,3.40,0.00,2.75,1.45,1.90,0.00,
"T",1996,236,1996-08-23,2.50,21.80,3.00,0.00,2.90,1.88,2.30,0.00,
"T",1997,150,1997-05-30,1.50,14.80,4.90,1.50,3.30,9.30,2.45,1.23,
"T",1997,164,1997-06-13,1.50,21.70,3.90,2.50,3.40,18.50,2.20,0.00,
"T",1997,171,1997-06-20,2.00,18.30,4.00,2.50,3.70,5.60,3.50,0.00,
"T",1997,178,1997-06-27,2.00,22.60,3.90,2.50,3.10,5.90,2.90,0.00,
"T",1997,185,1997-07-04,2.50,19.30,3.90,2.50,3.20,2.80,2.40,0.68,
"T",1997,192,1997-07-11,2.50,21.50,4.10,3.00,3.10,2.50,2.00,0.00,
"T",1997,199,1997-07-18,2.50,25.40,4.20,2.50,3.20,2.90,2.10,0.00,
"T",1997,206,1997-07-25,2.50,22.90,4.40,3.00,3.40,3.30,2.00,0.59,
"T",1997,213,1997-08-01,2.50,23.00,3.90,3.00,3.40,3.30,2.80,0.19,
"T",1997,220,1997-08-08,3.00,23.00,4.30,3.00,3.30,1.50,2.40,0.00,
"T",1997,227,1997-08-15,3.00,19.80,3.90,0.00,3.40,1.80,2.75,1.20,
"T",1997,234,1997-08-22,3.50,17.80,4.00,0.00,3.50,0.80,2.10,0.00,
"T",1997,241,1997-08-29,3.50,19.40,3.90,0.00,3.50,1.00,2.00,0.00,
"T",1998,149,1998-05-29,2.50,21.50,3.90,2.50,3.90,5.30,2.10,0.00,
"T",1998,176,1998-06-25,3.00,24.60,4.00,3.00,4.50,7.40,2.50,0.00,
"T",1998,205,1998-07-24,3.00,22.50,4.30,2.50,3.90,3.30,2.90,0.00,
"T",1998,239,1998-08-27,3.50,23.90,3.30,0.00,4.40,3.00,3.40,0.00,
"T",1999,145,1999-05-25,3.00,13.10,3.90,2.50,3.20,1.28,2.25,0.07,
"T",1999,152,1999-06-01,2.75,16.90,3.60,2.50,3.30,1.90,2.20,0.00,
"T",1999,159,1999-06-08,3.00,20.60,3.50,2.50,2.90,1.16,2.00,0.00,
"T",1999,166,1999-06-15,2.50,18.90,3.70,2.50,3.20,2.80,2.60,0.00,
"T",1999,173,1999-06-22,2.50,21.20,,2.50,3.20,3.99,2.50,0.00,
"T",1999,180,1999-06-29,2.50,20.60,3.80,2.50,3.30,3.20,3.25,0.30,
"T",1999,187,1999-07-06,2.50,22.90,4.00,3.00,3.20,2.77,2.75,1.80,
"T",1999,194,1999-07-13,3.00,21.50,3.80,2.50,2.80,1.10,2.40,0.00,
"T",1999,201,1999-07-20,3.00,24.50,3.70,2.50,3.10,1.12,2.25,0.00,
"T",1999,208,1999-07-27,2.00,25.40,3.50,2.50,3.10,5.54,2.60,0.00,
"T",1999,215,1999-08-03,2.50,23.80,3.90,2.50,3.20,2.64,2.50,0.28,
"T",1999,222,1999-08-10,3.00,20.90,3.50,0.00,3.20,1.26,2.20,0.52,
"T",1999,229,1999-08-17,3.00,20.90,3.40,0.00,3.30,1.53,2.25,0.00,
"T",1999,236,1999-08-24,3.50,21.10,3.40,0.50,3.30,0.69,2.25,0.00,
"T",1999,242,1999-08-30,3.25,20.80,3.70,0.50,3.20,0.92,2.60,0.00,
"W",1990,152,1990-06-01,2.00,17.10,10.00,3.50,4.75,12.00,3.50,,
"W",1990,166,1990-06-15,2.50,19.50,6.00,3.50,4.00,10.00,4.00,,
"W",1990,180,1990-06-29,3.00,21.10,4.70,0.00,3.20,5.00,4.25,,
"W",1990,194,1990-07-13,3.20,20.90,4.40,0.00,4.00,2.00,3.75,,
"W",1990,208,1990-07-27,3.20,23.20,3.80,0.00,3.00,1.00,2.75,,
"W",1990,222,1990-08-10,3.50,20.80,3.30,0.00,3.75,1.50,3.25,,
"W",1990,236,1990-08-24,3.50,21.40,3.60,0.00,4.25,2.00,2.90,,
"W",1990,248,1990-09-05,3.50,20.50,3.20,0.00,4.50,3.00,3.25,,
"W",1991,142,1991-05-22,2.50,20.20,7.50,2.50,4.00,3.40,2.75,,
"W",1991,150,1991-05-30,2.50,22.40,5.58,2.50,3.60,3.20,2.90,,
"W",1991,157,1991-06-06,2.50,21.50,5.23,2.50,3.40,2.50,3.10,,
"W",1991,164,1991-06-13,3.00,21.90,4.93,2.50,3.40,1.60,3.00,,
"W",1991,171,1991-06-20,2.50,23.50,4.56,2.50,3.50,2.40,2.50,,
"W",1991,178,1991-06-27,3.00,24.50,4.43,2.00,3.40,1.20,2.75,,
"W",1991,185,1991-07-04,2.50,21.30,4.09,0.00,3.10,2.10,2.50,,
"W",1991,192,1991-07-11,3.00,23.10,3.78,0.50,2.90,0.90,3.00,,
"W",1991,199,1991-07-18,3.50,25.70,3.59,0.00,3.00,,2.40,,
"W",1991,206,1991-07-25,3.50,22.10,3.22,1.50,3.20,0.60,2.75,,
"W",1991,213,1991-08-01,3.50,21.10,2.96,0.00,3.00,,3.00,,
"W",1991,220,1991-08-08,3.50,20.60,2.91,0.00,3.20,0.60,3.00,,
"W",1991,227,1991-08-15,3.00,23.50,2.90,0.50,3.25,1.20,3.00,,
"W",1991,234,1991-08-22,3.50,21.30,2.92,0.50,3.20,0.70,3.10,,
"W",1991,241,1991-08-29,3.50,24.60,2.90,0.00,3.30,0.80,3.10,,
"W",1991,248,1991-09-05,3.50,19.60,3.25,0.00,3.60,1.20,3.33,,
"W",1992,140,1992-05-19,3.50,15.50,5.61,3.00,4.25,2.58,3.10,,
"W",1992,147,1992-05-26,3.00,14.90,5.58,3.50,4.35,5.56,3.80,,
"W",1992,154,1992-06-02,3.50,19.40,6.50,3.50,4.72,4.23,4.50,,
"W",1992,161,1992-06-09,3.00,19.30,6.50,3.50,4.70,6.41,4.50,,
"W",1992,168,1992-06-16,3.50,20.00,6.00,3.50,4.15,3.45,3.75,,
"W",1992,175,1992-06-23,4.00,16.60,4.94,3.50,5.10,3.34,4.30,,
"W",1992,182,1992-06-30,4.50,18.30,4.50,2.50,4.90,1.70,3.75,,
"W",1992,189,1992-07-07,4.50,16.50,5.20,2.00,4.90,1.94,3.50,,
"W",1992,196,1992-07-14,4.50,18.90,4.49,3.00,4.90,1.54,4.25,,
"W",1992,203,1992-07-21,5.00,18.80,4.75,3.00,4.90,0.83,4.50,,
"W",1992,210,1992-07-28,5.00,20.80,4.85,2.50,4.74,1.42,4.75,,
"W",1992,217,1992-08-04,3.50,20.40,4.83,3.50,4.95,6.22,4.55,,
"W",1992,224,1992-08-11,4.50,22.00,4.81,2.50,5.10,2.43,4.60,,
"W",1992,231,1992-08-18,4.50,19.80,4.60,1.50,5.10,2.32,4.30,,
"W",1992,238,1992-08-25,5.00,21.00,4.48,0.00,5.20,1.56,4.30,,
"W",1992,245,1992-09-01,5.00,17.40,4.50,0.00,5.30,1.57,4.70,,
"W",1992,252,1992-09-08,5.50,16.70,5.36,0.00,5.20,0.69,4.75,,
"W",1993,138,1993-05-18,2.50,13.10,12.00,3.50,5.50,20.00,3.80,,61.50
"W",1993,145,1993-05-25,3.50,13.10,6.25,3.50,5.10,5.00,4.30,,60.00
"W",1993,152,1993-06-01,3.50,12.30,5.50,3.50,4.90,4.00,3.50,0.25,61.50
"W",1993,159,1993-06-08,3.50,15.10,6.00,4.00,5.30,5.00,3.00,0.25,59.50
"W",1993,166,1993-06-15,2.50,18.70,5.75,4.00,5.60,17.00,4.75,0.20,57.00
"W",1993,173,1993-06-22,3.50,19.20,5.25,3.50,3.60,1.00,5.60,0.00,64.00
"W",1993,180,1993-06-29,3.50,19.00,5.25,3.50,4.60,4.00,4.90,0.00,
"W",1993,187,1993-07-06,3.50,20.20,5.00,4.00,4.90,5.00,4.75,0.40,62.00
"W",1993,194,1993-07-13,3.00,21.70,5.00,3.00,5.30,5.00,3.90,0.00,
"W",1993,201,1993-07-20,4.00,22.50,4.75,4.00,4.90,5.00,4.75,0.10,58.00
"W",1993,208,1993-07-27,3.50,21.90,4.90,4.00,5.10,5.00,3.20,0.10,56.00
"W",1993,215,1993-08-03,3.50,21.40,4.90,0.00,4.80,5.00,2.70,0.00,15.24
"W",1993,222,1993-08-10,4.00,20.50,4.90,0.00,4.90,2.50,4.00,0.00,15.24
"W",1993,229,1993-08-17,4.00,22.70,4.75,3.00,5.40,5.00,4.10,0.00,15.18
"W",1993,236,1993-08-24,4.00,22.00,4.50,0.00,5.40,5.00,3.70,0.00,15.08
"W",1993,242,1993-08-30,3.50,22.10,4.40,0.00,4.80,2.50,2.35,0.00,15.08
"W",1993,249,1993-09-06,4.50,17.60,4.40,0.00,2.30,0.00,1.40,0.00,15.06
"W",1994,137,1994-05-17,3.50,12.70,7.00,5.00,4.50,4.00,2.90,0.00,
"W",1994,144,1994-05-24,2.00,20.40,6.50,4.00,5.20,18.00,3.10,0.00,15.54
"W",1994,151,1994-05-31,3.00,18.70,6.00,4.50,5.10,12.00,4.50,0.40,15.46
"W",1994,158,1994-06-07,3.00,19.00,6.00,5.00,5.70,13.00,4.90,0.00,15.43
"W",1994,165,1994-06-14,3.50,20.40,6.00,5.00,6.00,7.00,4.20,0.00,15.37
"W",1994,172,1994-06-21,3.00,23.80,6.00,4.00,4.90,5.00,3.20,0.00,15.46
"W",1994,179,1994-06-28,3.00,23.70,7.00,4.00,4.75,5.00,1.80,1.20,15.30
"W",1994,186,1994-07-05,4.00,21.50,6.00,4.00,4.30,1.00,1.65,0.50,15.29
"W",1994,193,1994-07-12,3.50,21.70,5.50,4.00,4.70,3.00,2.80,0.00,15.52
"W",1994,200,1994-07-19,3.50,22.30,5.50,2.00,5.10,4.00,2.50,0.10,15.46
"W",1994,207,1994-07-26,3.50,21.70,5.50,2.00,4.20,2.00,2.10,0.25,15.48
"W",1994,214,1994-08-02,4.00,22.30,5.50,0.00,4.30,1.00,1.40,0.00,15.44
"W",1994,221,1994-08-09,4.00,19.40,5.00,0.00,3.90,1.00,2.20,0.00,15.38
"W",1994,228,1994-08-16,4.50,19.20,5.00,0.00,3.70,0.00,0.70,0.00,15.28
"W",1994,235,1994-08-23,4.50,19.90,5.00,0.00,5.10,2.00,3.00,0.00,15.38
"W",1994,242,1994-08-30,4.00,19.10,4.50,0.00,4.90,3.00,3.00,0.10,15.40
"W",1994,248,1994-09-05,5.00,16.70,5.00,0.00,4.70,0.00,2.40,0.00,15.40
"W",1995,143,1995-05-23,3.00,13.60,100.00,3.00,4.25,4.17,3.00,0.40,16.44
"W",1995,150,1995-05-30,3.50,15.20,100.00,3.00,4.40,2.22,4.00,0.00,16.70
"W",1995,157,1995-06-06,1.50,21.80,10.30,3.00,4.50,15.75,3.50,0.00,16.42
"W",1995,164,1995-06-13,3.00,18.60,9.00,0.00,4.30,4.16,4.10,0.00,16.32
"W",1995,171,1995-06-20,2.50,27.60,6.10,3.00,4.50,8.19,3.80,,16.22
"W",1995,178,1995-06-27,2.50,25.40,5.80,3.50,4.50,8.48,3.50,0.30,16.18
"W",1995,185,1995-07-04,3.00,20.80,5.40,3.50,4.40,4.12,2.60,,16.22
"W",1995,192,1995-07-11,3.50,21.90,5.10,3.50,4.10,1.75,3.13,,16.18
"W",1995,199,1995-07-18,3.50,22.20,4.90,3.50,4.10,1.83,3.60,0.23,16.26
"W",1995,206,1995-07-25,3.00,24.30,4.80,2.50,3.75,2.34,2.25,0.26,16.14
"W",1995,213,1995-08-01,3.00,24.30,4.90,3.00,3.20,2.91,2.90,0.41,16.04
"W",1995,220,1995-08-08,3.00,24.50,4.50,3.50,4.10,4.86,2.80,0.75,16.00
"W",1995,227,1995-08-15,3.00,24.20,4.50,3.50,3.60,2.18,2.60,0.09,16.00
"C",1992,143,1992-05-22,2.50,20.80,3.45,2.50,3.40,3.78,2.75,,
"C",1992,150,1992-05-29,3.00,16.10,3.49,0.00,3.45,2.39,2.90,,
"C",1992,157,1992-06-05,2.50,20.90,3.46,1.50,3.50,4.93,2.90,,
"C",1992,164,1992-06-12,3.00,22.30,5.00,1.50,2.75,0.00,2.95,,
"C",1992,171,1992-06-19,3.50,17.00,3.75,0.00,3.25,0.60,2.60,,
"C",1992,178,1992-06-26,3.50,15.50,3.45,2.50,3.25,0.59,2.40,,
"C",1992,185,1992-07-03,3.50,15.30,3.81,0.00,3.20,0.68,2.40,,
"C",1992,192,1992-07-10,1.50,20.50,3.92,1.50,2.90,7.68,2.60,,
"C",1992,199,1992-07-17,2.00,20.70,2.83,0.25,2.80,3.50,2.30,,
"C",1992,206,1992-07-24,2.50,19.40,2.48,0.00,2.80,1.58,2.90,,
"C",1992,213,1992-07-31,2.50,20.20,2.45,0.00,2.80,1.44,2.75,,
"C",1992,220,1992-08-07,3.00,20.90,2.48,0.00,3.10,1.13,2.90,,
"C",1992,227,1992-08-14,3.50,18.80,2.94,0.50,3.20,0.30,2.70,,
"C",1992,234,1992-08-21,3.00,19.90,2.98,0.00,3.30,1.82,2.70,,
"C",1992,241,1992-08-28,3.50,18.00,3.38,0.00,3.40,0.62,2.30,,
"C",1992,245,1992-09-01,4.00,16.90,3.99,0.00,3.60,0.06,2.40,,
"C",1992,252,1992-09-08,5.00,16.20,5.00,0.00,3.75,0.00,2.50,,
"C",1993,141,1993-05-21,2.50,12.40,4.00,1.00,3.20,2.50,3.00,,52.00
"C",1993,155,1993-06-04,2.50,13.90,,,3.25,7.50,3.25,0.00,
"C",1993,169,1993-06-18,2.50,16.20,3.10,0.00,3.50,5.00,3.50,0.20,51.50
"C",1993,183,1993-07-02,3.00,18.50,3.00,0.00,3.30,1.00,2.80,0.70,56.50
"C",1993,197,1993-07-16,3.00,21.60,2.80,0.50,2.75,0.00,3.25,0.00,54.00
"C",1993,211,1993-07-30,3.00,21.70,2.90,0.00,2.80,0.00,2.80,0.10,51.50
"C",1993,225,1993-08-13,3.50,23.50,2.80,2.00,3.50,1.00,3.25,0.00,48.00
"C",1993,239,1993-08-27,3.50,24.20,2.80,2.00,3.20,1.00,2.25,0.00,46.00
"C",1993,246,1993-09-03,3.50,18.90,3.40,0.00,3.60,1.00,2.55,0.00,46.00
"C",1994,147,1994-05-27,3.00,16.60,4.00,2.50,,5.00,3.50,0.00,47.00
"C",1994,161,1994-06-10,3.50,20.00,4.50,2.50,,2.00,2.60,0.00,46.30
"C",1994,175,1994-06-24,3.00,23.10,3.75,2.50,3.90,5.00,3.20,0.10,43.50
"C",1994,189,1994-07-08,3.00,23.30,3.50,2.00,3.60,3.00,2.50,0.00,42.50
"C",1994,203,1994-07-22,3.50,22.80,3.50,1.00,,3.00,2.90,1.10,48.20
"C",1994,217,1994-08-05,3.00,21.20,,0.00,,5.00,3.30,0.00,45.00
"C",1994,231,1994-08-19,4.00,21.60,4.50,2.00,,2.00,3.30,0.70,41.00
"C",1994,245,1994-09-02,4.00,16.90,,0.00,,,2.70,0.00,46.00
"C",1995,146,1995-05-26,3.00,14.50,3.40,1.50,2.90,0.79,2.10,0.00,76.50
"C",1995,153,1995-06-02,1.50,20.50,3.00,1.50,2.20,4.85,1.75,0.00,69.00
"C",1995,160,1995-06-09,2.50,17.50,2.90,0.50,2.20,0.49,1.10,0.00,65.30
"C",1995,167,1995-06-16,1.50,22.80,3.00,1.50,2.20,4.29,2.00,0.00,63.00
"C",1995,174,1995-06-23,1.50,27.90,2.50,1.50,2.40,4.80,1.90,0.00,59.50
"C",1995,181,1995-06-30,2.00,22.70,2.00,0.50,2.20,1.29,1.70,0.50,64.00
"C",1995,188,1995-07-07,2.50,18.70,2.50,0.00,2.20,0.43,1.60,0.25,61.00
"C",1995,195,1995-07-14,2.50,26.20,2.50,1.50,1.90,0.30,1.75,0.00,59.00
"C",1995,202,1995-07-21,2.50,21.90,2.50,0.50,2.30,0.36,1.80,0.00,61.00
"C",1995,209,1995-07-28,2.00,24.20,2.50,0.50,2.30,1.69,1.40,0.30,57.75
"C",1995,216,1995-08-04,2.50,24.50,2.40,0.00,2.30,0.41,1.80,1.50,55.00
"C",1995,223,1995-08-11,2.50,25.20,2.10,0.00,2.10,0.69,1.75,0.00,53.80
"C",1995,230,1995-08-18,2.50,24.40,2.40,0.00,2.50,0.71,1.60,0.00,53.50
"C",1995,237,1995-08-25,3.00,19.80,3.00,0.00,2.30,0.00,1.25,1.40,52.50
"C",1995,244,1995-09-01,3.00,20.80,2.50,0.00,2.30,0.00,1.50,0.00,52.00
"E",1990,151,1990-05-31,2.50,16.90,9.00,3.50,4.00,5.00,4.00,,
"E",1990,165,1990-06-14,2.50,19.40,8.00,3.50,4.50,7.00,4.50,,
"E",1990,179,1990-06-28,3.50,21.20,4.90,2.00,4.25,3.00,,,
"E",1990,193,1990-07-12,3.50,21.00,4.10,0.00,3.50,1.00,,,
"E",1990,207,1990-07-26,3.50,23.40,3.60,0.00,3.00,1.00,3.50,,
"E",1990,221,1990-08-09,3.50,21.90,2.70,0.00,3.50,1.00,3.25,,
"E",1990,235,1990-08-23,3.70,21.20,3.60,0.00,4.00,2.00,2.90,,
"E",1990,248,1990-09-05,3.50,20.60,3.20,0.00,4.25,2.50,3.50,,
"E",1991,142,1991-05-22,1.50,19.80,6.98,3.00,3.75,8.80,3.00,,
"E",1991,149,1991-05-29,2.50,21.00,7.70,2.50,3.25,2.10,2.50,,
"E",1991,156,1991-06-05,2.00,21.10,6.71,3.00,2.50,1.70,2.50,,
"E",1991,163,1991-06-12,2.50,21.60,6.10,3.00,2.50,0.90,2.25,,
"E",1991,170,1991-06-19,2.50,23.20,5.82,2.75,2.60,1.10,2.75,,
"E",1991,177,1991-06-26,2.50,23.40,5.69,3.00,2.90,1.30,2.00,,
"E",1991,184,1991-07-03,3.00,21.20,5.05,0.00,2.60,0.70,1.75,,
"E",1991,191,1991-07-10,3.00,22.40,4.65,0.00,2.70,0.80,2.75,,
"E",1991,198,1991-07-17,2.50,24.80,4.20,0.00,3.00,1.80,2.90,,
"E",1991,205,1991-07-24,2.50,22.90,3.95,0.00,3.15,1.80,2.35,,
"E",1991,212,1991-07-31,3.00,20.50,3.90,0.00,2.80,0.80,2.75,,
"E",1991,219,1991-08-07,3.50,20.40,3.91,0.00,3.40,0.90,2.75,,
"E",1991,226,1991-08-14,3.00,23.40,3.92,0.50,3.10,1.20,3.10,,
"E",1991,233,1991-08-21,3.00,21.00,3.90,0.00,3.00,1.00,3.00,,
"E",1991,240,1991-08-28,3.00,23.60,3.86,0.00,3.10,1.10,3.15,,
"E",1991,247,1991-09-04,3.00,19.60,3.73,0.00,3.00,1.00,3.25,,
"E",1992,139,1992-05-18,2.50,14.30,8.25,2.00,2.40,0.65,2.25,,
"E",1992,146,1992-05-25,2.50,15.30,7.30,2.00,2.30,0.71,2.10,,
"E",1992,153,1992-06-01,2.50,18.50,6.50,2.00,2.50,0.96,2.25,,
"E",1992,160,1992-06-08,2.50,18.30,12.00,0.00,2.55,1.08,2.75,,
"E",1992,167,1992-06-15,2.00,20.00,5.00,2.00,2.60,2.73,2.40,,
"E",1992,174,1992-06-22,3.00,16.00,3.42,0.00,2.60,0.52,2.10,,
"E",1992,181,1992-06-29,3.00,17.50,3.10,0.00,2.60,0.57,2.75,,
"E",1992,188,1992-07-06,3.50,15.10,3.75,0.50,2.30,0.00,2.20,,
"E",1992,195,1992-07-13,3.50,17.90,3.45,0.00,2.40,0.19,2.00,,
"E",1992,202,1992-07-20,2.00,19.30,3.38,0.25,2.60,2.57,2.10,,
"E",1992,209,1992-07-27,2.50,20.10,2.92,0.00,2.60,1.32,2.60,,
"E",1992,216,1992-08-03,2.50,20.40,2.81,0.25,2.60,1.15,2.70,,
"E",1992,223,1992-08-10,2.50,22.00,2.47,0.50,2.70,1.40,2.40,,
"E",1992,230,1992-08-17,3.00,19.10,2.50,0.75,2.60,0.59,2.75,,
"E",1992,237,1992-08-24,3.00,20.10,2.78,0.00,2.75,0.57,2.60,,
"E",1992,244,1992-08-31,3.50,17.00,2.99,0.00,2.85,0.31,1.90,,
"E",1992,251,1992-09-07,4.00,17.00,3.48,0.00,2.45,0.00,2.55,,
"E",1993,137,1993-05-17,2.00,12.30,7.50,0.50,1.80,0.00,1.10,,73.00
"E",1993,144,1993-05-24,2.50,14.60,8.00,0.75,2.00,0.00,1.40,,60.00
"E",1993,151,1993-05-31,2.50,12.20,7.50,0.00,2.00,0.00,1.50,1.85,61.00
"E",1993,158,1993-06-07,2.50,15.20,6.50,0.00,2.10,0.00,1.40,0.00,58.00
"E",1993,165,1993-06-14,2.00,21.70,6.25,1.50,2.00,0.00,1.50,0.20,57.50
"E",1993,172,1993-06-21,2.50,17.00,4.50,0.50,1.90,0.00,1.50,5.00,64.00
"E",1993,179,1993-06-28,2.00,18.30,2.00,0.00,2.40,2.00,1.60,0.20,62.50
"E",1993,186,1993-07-05,2.00,19.90,1.75,0.00,1.70,0.00,1.10,0.10,64.00
"E",1993,193,1993-07-12,2.00,21.70,1.90,0.00,1.50,0.00,2.00,0.00,60.00
"E",1993,200,1993-07-19,2.50,23.10,1.80,0.50,1.50,0.00,1.20,0.15,59.00
"E",1993,207,1993-07-26,2.50,21.30,1.75,0.00,1.50,0.00,1.45,0.00,
"E",1993,214,1993-08-02,2.50,21.30,1.90,0.00,1.80,0.00,2.00,0.80,56.00
"E",1993,221,1993-08-09,2.50,20.20,2.40,0.00,1.90,0.00,1.50,0.00,55.50
"E",1993,228,1993-08-16,3.00,22.70,2.10,0.00,1.90,0.00,1.85,0.00,54.00
"E",1993,235,1993-08-23,2.50,21.60,1.90,0.00,1.95,0.00,1.90,0.00,51.50
"E",1993,242,1993-08-30,2.00,21.60,1.80,0.00,1.95,1.00,1.90,0.60,50.00
"E",1993,249,1993-09-06,3.00,16.20,2.90,0.00,1.80,0.00,1.40,0.00,50.00
"E",1994,137,1994-05-17,3.00,12.90,8.00,1.00,2.10,0.00,1.40,0.00,72.50
"E",1994,143,1994-05-23,1.50,21.60,6.50,1.50,2.20,5.00,1.40,0.00,65.50
"E",1994,150,1994-05-30,2.00,18.80,7.50,2.00,2.30,2.00,1.90,0.25,61.50
"E",1994,157,1994-06-06,2.00,18.80,6.75,2.00,2.20,1.00,1.40,1.50,60.50
"E",1994,164,1994-06-13,2.00,20.20,6.75,0.00,2.50,3.00,2.10,1.30,60.00
"E",1994,171,1994-06-20,2.00,24.50,6.50,0.00,2.40,3.00,2.25,1.80,60.00
"E",1994,178,1994-06-27,2.00,24.40,10.00,0.00,2.10,1.00,2.50,0.30,57.20
"E",1994,185,1994-07-04,2.50,21.50,6.00,1.50,2.10,1.00,1.75,0.00,56.50
"E",1994,192,1994-07-11,2.50,21.10,4.00,0.00,1.90,1.00,1.30,5.10,64.50
"E",1994,199,1994-07-18,2.50,22.10,3.00,0.00,2.20,1.00,2.25,0.00,62.00
"E",1994,206,1994-07-25,2.50,21.70,2.50,0.00,2.40,1.00,2.40,0.00,63.00
"E",1994,213,1994-08-01,3.00,21.70,2.50,0.00,2.60,1.00,2.60,0.90,61.00
"E",1994,220,1994-08-08,2.50,20.50,3.00,0.00,2.50,1.00,2.25,0.80,60.00
"E",1994,227,1994-08-15,3.00,17.70,3.50,0.00,2.40,0.00,2.10,0.00,57.00
"E",1994,234,1994-08-22,3.50,19.50,3.00,0.50,2.40,0.00,2.50,3.50,59.50
"E",1994,241,1994-08-29,3.00,18.80,3.50,0.00,2.50,0.00,2.80,1.70,60.00
"E",1994,248,1994-09-05,3.50,16.30,4.00,0.00,2.50,0.00,2.00,0.00,60.00
"E",1995,142,1995-05-22,2.50,13.30,8.50,0.00,1.45,0.00,1.20,0.00,92.50
"E",1995,149,1995-05-29,2.50,12.60,7.60,0.00,0.90,0.00,1.00,3.00,96.00
"E",1995,156,1995-06-05,1.50,23.00,6.80,1.50,1.50,1.06,1.20,0.00,87.50
"E",1995,163,1995-06-12,2.00,16.30,8.00,0.50,1.40,0.19,0.90,1.35,83.80
"E",1995,170,1995-06-19,1.00,28.30,6.50,1.00,1.50,3.42,0.70,0.00,81.00
"E",1995,177,1995-06-26,1.50,25.00,6.10,0.50,1.30,0.41,1.00,0.43,79.00
"E",1995,184,1995-07-03,2.00,18.70,2.00,0.00,1.10,0.00,1.00,0.35,81.00
"E",1995,191,1995-07-10,2.00,20.60,2.00,0.50,1.40,0.10,1.20,0.00,79.00
"E",1995,198,1995-07-17,2.00,22.60,1.90,0.00,1.45,0.16,1.10,3.30,82.00
"E",1995,205,1995-07-24,2.00,23.60,1.90,0.50,1.40,0.00,1.10,0.35,78.50
"E",1995,212,1995-07-31,2.00,25.20,5.00,0.00,1.40,0.15,0.90,0.00,75.00
"E",1995,219,1995-08-07,2.00,24.40,1.70,0.00,1.65,0.38,1.75,1.10,73.80
"E",1995,226,1995-08-14,2.00,24.40,2.00,0.00,1.80,0.54,1.10,2.35,74.30
"E",1995,233,1995-08-21,2.00,22.80,1.90,0.00,1.70,0.41,0.90,0.90,72.50
"E",1995,240,1995-08-28,2.50,19.80,2.50,0.00,1.95,0.27,1.75,0.82,72.30
"E",1995,247,1995-09-04,2.50,21.50,2.00,1.00,1.60,0.00,1.00,,69.80
"E",1996,151,1996-05-30,2.00,16.30,7.60,0.50,1.30,,0.75,0.00,91.50
"E",1996,158,1996-06-06,2.00,16.90,7.40,0.00,1.20,0.96,1.00,0.40,93.50
"E",1996,165,1996-06-13,2.00,23.70,6.80,0.00,1.40,,0.80,0.00,92.10
"E",1996,172,1996-06-20,2.00,19.10,6.30,0.00,1.40,0.20,0.80,0.00,89.10
"E",1996,179,1996-06-27,1.50,20.10,6.10,0.00,1.30,0.20,1.00,2.10,91.50
"E",1996,186,1996-07-04,1.50,23.00,3.50,0.00,1.35,0.50,0.90,0.00,91.80
"E",1996,193,1996-07-11,2.00,20.40,1.90,0.00,1.40,0.19,1.20,0.00,91.80
"E",1996,200,1996-07-18,2.00,23.00,1.90,0.00,1.30,,0.60,1.10,95.50
"E",1996,207,1996-07-25,2.00,20.40,2.00,0.00,1.10,,0.70,0.10,94.00
"E",1996,214,1996-08-01,2.50,17.40,2.40,0.00,1.10,,0.60,0.00,97.50
"E",1996,221,1996-08-08,2.50,22.10,1.80,0.00,1.20,,0.70,0.00,95.10
"E",1996,228,1996-08-15,2.00,20.30,1.70,0.00,1.20,,1.00,0.67,93.30
"E",1996,235,1996-08-22,1.50,22.80,1.50,0.00,1.20,0.30,0.70,0.72,90.20
"E",1996,242,1996-08-29,2.00,20.50,1.90,0.00,1.00,,0.60,0.00,87.00
"E",1996,249,1996-09-05,2.00,21.60,1.40,0.50,1.40,,0.80,0.00,85.10
"E",1997,149,1997-05-29,1.00,15.40,7.70,1.00,1.30,1.50,0.75,0.20,100.00
"E",1997,156,1997-06-05,1.00,18.90,8.40,0.00,1.00,0.27,0.80,0.00,100.00
"E",1997,163,1997-06-12,1.00,21.50,7.20,1.00,1.00,1.10,0.60,0.00,96.50
"E",1997,170,1997-06-19,1.50,18.00,6.20,2.50,1.00,0.22,0.08,0.01,93.50
"E",1997,177,1997-06-26,1.50,21.80,4.80,0.00,1.36,0.53,0.65,0.00,91.00
"E",1997,184,1997-07-03,2.00,20.60,3.80,0.00,1.37,,0.70,0.69,92.00
"E",1997,191,1997-07-10,2.00,20.20,3.30,0.00,1.23,,0.70,0.00,91.00
"E",1997,198,1997-07-17,1.50,24.50,1.90,0.00,1.31,0.41,0.60,0.10,89.00
"E",1997,205,1997-07-24,2.00,21.80,1.50,0.00,1.50,0.20,0.80,0.00,85.50
"E",1997,212,1997-07-31,2.00,22.80,1.80,0.00,1.40,,0.60,0.00,83.50
"E",1997,219,1997-08-07,2.00,22.10,1.90,0.00,1.40,0.20,0.60,0.00,80.00
"E",1997,226,1997-08-14,2.00,19.40,2.00,0.00,1.30,0.10,0.70,0.00,77.00
"E",1997,233,1997-08-21,2.50,17.30,2.50,0.00,1.39,,0.60,0.60,84.00
"E",1997,240,1997-08-28,2.50,19.60,2.00,0.00,1.20,,0.80,0.00,81.50
"E",1997,247,1997-09-04,2.50,17.60,2.00,0.00,1.40,,0.70,0.00,84.00
"E",1998,148,1998-05-28,2.00,21.10,2.00,0.00,1.90,0.80,1.40,0.39,85.00
"E",1998,155,1998-06-04,2.50,14.90,2.70,0.00,2.00,0.30,1.50,0.00,88.50
"E",1998,162,1998-06-11,2.50,15.60,2.50,0.00,1.70,0.20,1.20,0.01,85.50
"E",1998,169,1998-06-18,1.50,22.50,2.40,1.00,1.60,1.30,1.20,0.03,89.00
"E",1998,176,1998-06-25,1.50,22.70,2.30,0.00,1.50,0.40,1.10,1.08,88.50
"E",1998,183,1998-07-02,2.00,23.30,1.90,0.00,1.80,0.40,0.75,0.00,80.00
"E",1998,190,1998-07-09,2.00,22.80,1.90,0.00,1.50,0.30,0.80,0.00,88.10
"E",1998,197,1998-07-16,2.00,24.10,1.50,0.00,1.60,0.40,1.75,0.00,84.50
"E",1998,204,1998-07-23,2.50,21.80,2.50,0.00,1.80,0.10,1.00,0.00,80.00
"E",1998,211,1998-07-30,2.50,21.50,2.40,0.00,1.90,0.80,0.70,0.42,77.00
"E",1998,218,1998-08-06,2.50,22.30,2.00,0.00,1.50,1.20,1.25,0.05,74.00
"E",1998,225,1998-08-13,2.50,23.10,1.90,0.00,2.40,0.10,1.80,0.00,70.25
"E",1998,232,1998-08-20,2.00,22.20,1.90,0.00,2.00,1.20,1.50,0.00,71.50
"E",1998,239,1998-08-27,2.50,22.20,2.00,0.00,2.00,0.30,2.00,0.00,73.00
"E",1998,244,1998-09-01,2.50,21.10,2.40,0.50,2.00,0.20,1.30,0.00,70.00
"E",1999,146,1999-05-26,2.50,12.70,3.20,1.00,1.50,,0.80,,97.00
"E",1999,153,1999-06-02,2.00,15.40,2.75,0.00,1.50,,1.30,,93.50
"E",1999,160,1999-06-09,1.50,22.30,2.40,0.00,1.60,1.10,1.10,,
"E",1999,167,1999-06-16,2.00,18.00,1.90,0.00,1.50,0.19,1.25,,93.70
"E",1999,174,1999-06-23,1.50,22.80,1.80,0.00,1.40,0.66,1.00,,90.50
"E",1999,181,1999-06-30,2.00,19.80,1.90,0.00,1.40,0.21,1.25,,88.50
"E",1999,188,1999-07-07,2.00,22.10,2.30,0.50,1.50,0.25,0.80,,100.00
"E",1999,195,1999-07-14,2.50,21.50,2.00,0.00,1.30,,0.90,,98.00
"E",1999,202,1999-07-21,2.00,24.80,1.80,0.00,1.30,0.09,1.00,,95.80
"E",1999,209,1999-07-28,2.00,24.70,1.90,0.00,1.40,0.20,1.00,,95.50
"E",1999,216,1999-08-04,2.00,22.40,1.90,0.00,1.40,0.15,1.20,,95.00
"E",1999,223,1999-08-11,2.50,20.10,2.40,0.00,1.40,,1.30,,93.00
"E",1999,230,1999-08-18,2.50,19.60,2.40,0.00,1.40,,1.20,,96.50
"E",1999,237,1999-08-25,2.50,22.30,2.00,0.00,1.40,,1.25,,
"E",1999,243,1999-08-31,2.50,19.50,1.90,0.00,1.60,0.09,1.10,,92.50
"H",1999,145,1999-05-25,2.00,11.70,2.00,0.00,1.40,,1.25,,
"H",1999,152,1999-06-01,1.50,15.40,1.90,0.00,1.30,0.47,0.80,,
"H",1999,159,1999-06-08,1.00,21.90,1.80,0.50,1.30,2.06,0.90,,
"H",1999,166,1999-06-15,1.50,17.50,1.60,0.00,1.20,0.22,0.75,,
"H",1999,173,1999-06-22,1.00,22.20,1.40,0.00,1.10,1.29,0.75,,
"H",1999,180,1999-06-29,1.50,19.10,1.40,1.00,1.10,0.18,0.75,,
"H",1999,187,1999-07-06,1.50,21.90,1.20,0.00,1.20,0.23,0.70,,
"H",1999,194,1999-07-13,2.00,20.70,1.40,0.00,0.90,,0.85,,
"H",1999,201,1999-07-20,1.50,23.60,0.90,0.00,0.80,0.24,0.75,,
"H",1999,208,1999-07-27,1.50,23.80,0.90,0.00,0.75,0.10,0.60,,
"H",1999,215,1999-08-03,1.50,22.30,1.30,0.50,0.75,0.86,0.60,,
"H",1999,222,1999-08-10,2.00,19.10,1.40,0.00,0.80,,0.50,,
"H",1999,229,1999-08-17,2.00,20.10,1.40,0.00,0.75,,,,
"H",1999,236,1999-08-24,1.50,20.60,0.90,0.00,0.70,0.19,0.75,,
"H",1999,242,1999-08-30,2.00,18.70,1.40,0.00,0.80,,0.60,,
"L",1990,141,1990-05-21,3.50,10.80,5.70,4.00,4.75,4.75,,,
"L",1990,148,1990-05-28,2.00,16.10,5.60,4.50,5.00,5.00,,,
"L",1990,155,1990-06-04,3.00,14.40,5.90,4.50,4.50,4.50,,,
"L",1990,162,1990-06-11,3.50,17.50,6.40,4.50,5.00,5.00,,,
"L",1990,169,1990-06-18,4.00,18.20,6.10,2.50,5.00,5.00,,,
"L",1990,176,1990-06-25,3.50,19.00,5.95,5.00,5.00,5.00,,,
"L",1990,183,1990-07-02,3.00,23.40,5.95,4.50,5.50,5.50,,,
"L",1990,190,1990-07-09,3.50,21.00,5.90,4.50,5.00,5.00,,,
"L",1990,197,1990-07-16,3.50,20.80,5.50,4.50,5.50,5.50,,,
"L",1990,204,1990-07-23,4.00,21.70,5.50,4.50,5.25,5.25,,,
"L",1990,211,1990-07-30,4.00,22.00,5.40,4.00,5.00,5.00,,,
"L",1990,218,1990-08-06,4.00,21.00,5.50,4.50,5.70,5.70,,,
"L",1990,225,1990-08-13,4.00,20.10,5.40,4.50,5.75,5.75,,,
"L",1990,232,1990-08-20,4.50,19.70,5.40,4.50,5.50,5.50,,,
"L",1990,239,1990-08-27,4.00,22.00,5.60,4.00,6.00,6.00,,,
"L",1990,247,1990-09-04,4.00,20.50,5.40,1.50,5.80,6.20,,,
"L",1990,253,1990-09-10,5.00,19.00,5.30,1.50,6.00,1.60,,,
"L",1991,140,1991-05-20,2.00,15.90,6.06,4.00,6.00,18.80,4.75,,
"L",1991,147,1991-05-27,2.00,19.30,5.96,4.00,6.00,14.50,4.50,,
"L",1991,154,1991-06-03,2.50,22.00,5.82,3.50,5.34,8.80,5.00,,
"L",1991,161,1991-06-10,2.00,22.60,6.10,4.00,5.70,12.20,4.25,,
"L",1991,168,1991-06-17,3.00,22.70,6.00,4.00,5.40,5.70,4.75,,
"L",1991,175,1991-06-24,3.50,20.90,5.89,4.00,5.50,3.90,4.50,,
"L",1991,182,1991-07-01,3.50,21.40,5.94,4.00,5.70,5.90,3.75,,
"L",1991,189,1991-07-08,3.50,22.40,5.49,4.25,5.50,5.00,4.70,,
"L",1991,196,1991-07-15,3.50,23.00,5.93,4.50,5.50,4.70,4.50,,
"L",1991,203,1991-07-22,3.50,25.50,5.84,4.25,5.80,5.80,4.75,,
"L",1991,210,1991-07-29,4.50,19.70,5.97,4.50,5.80,2.50,5.10,,
"L",1991,217,1991-08-05,4.50,20.00,5.80,4.50,5.60,2.30,5.50,,
"L",1991,224,1991-08-12,4.00,22.00,5.86,4.50,5.50,3.10,5.30,,
"L",1991,231,1991-08-19,4.00,21.20,5.50,4.50,5.20,2.90,5.05,,
"L",1991,238,1991-08-26,4.00,21.60,5.43,1.00,5.15,2.30,4.50,,
"L",1991,245,1991-09-02,4.50,20.40,5.35,0.00,5.25,1.90,,,
"L",1992,142,1992-05-21,2.50,19.00,6.00,3.00,5.50,16.10,4.60,,
"L",1992,149,1992-05-28,3.00,15.40,6.50,4.00,5.70,10.80,4.80,,
"L",1992,156,1992-06-04,3.00,20.10,7.00,3.50,5.90,10.80,4.40,,
"L",1992,163,1992-06-11,3.50,20.60,13.00,4.00,5.80,7.30,4.75,,
"L",1992,170,1992-06-18,3.50,19.50,6.83,4.25,5.90,6.38,4.75,,
"L",1992,177,1992-06-25,4.00,15.70,6.00,4.00,5.50,3.70,4.75,,
"L",1992,184,1992-07-02,4.00,16.10,6.75,4.50,5.35,3.29,4.20,,
"L",1992,191,1992-07-09,4.00,19.20,6.50,4.00,5.40,2.60,3.50,,
"L",1992,198,1992-07-16,5.00,20.00,6.25,4.25,5.50,1.42,3.70,,
"L",1992,205,1992-07-23,5.00,18.10,6.00,4.50,5.25,1.27,3.50,,
"L",1992,212,1992-07-30,4.00,20.40,6.10,3.00,5.70,4.40,4.00,,
"L",1992,219,1992-08-06,3.50,20.60,6.00,4.50,5.70,6.42,5.00,,
"L",1992,226,1992-08-13,4.00,19.50,5.77,4.00,5.70,5.40,4.50,,
"L",1992,233,1992-08-20,4.50,19.70,5.50,0.25,5.70,2.70,4.40,,
"L",1992,240,1992-08-27,5.00,18.80,5.46,0.00,5.50,1.53,4.00,,
"L",1992,247,1992-09-03,5.50,17.20,5.41,0.00,5.45,0.96,3.90,,
"L",1992,254,1992-09-10,5.00,15.70,5.33,0.00,5.60,1.95,3.90,,
"L",1993,140,1993-05-20,3.00,12.30,5.90,3.00,5.20,10.00,4.00,,60.00
"L",1993,147,1993-05-27,2.50,14.30,8.00,4.00,5.70,17.00,4.00,,63.00
"L",1993,154,1993-06-03,3.50,13.70,7.00,4.00,5.40,7.00,5.00,0.00,65.00
"L",1993,161,1993-06-10,3.50,16.60,5.90,4.50,5.60,7.50,5.00,0.00,67.00
"L",1993,168,1993-06-17,3.00,16.90,5.90,4.50,5.90,17.00,4.80,1.50,67.50
"L",1993,175,1993-06-24,3.50,21.40,5.80,4.50,5.40,7.00,4.60,0.00,68.00
"L",1993,182,1993-07-01,3.00,19.00,5.80,4.00,5.70,10.00,5.75,0.00,65.00
"L",1993,189,1993-07-08,3.50,21.60,8.00,4.50,5.60,10.00,4.90,0.00,65.50
"L",1993,196,1993-07-15,3.00,20.70,6.00,4.50,5.60,10.00,4.60,0.00,64.00
"L",1993,203,1993-07-22,3.00,22.10,5.80,4.00,5.40,10.00,4.10,0.00,61.00
"L",1993,210,1993-07-29,3.50,22.30,5.80,4.50,5.75,10.00,3.60,0.00,62.50
"L",1993,217,1993-08-05,4.00,19.80,5.80,4.50,5.70,5.00,4.90,0.10,60.50
"L",1993,224,1993-08-12,4.00,23.20,5.90,4.00,5.80,5.00,4.00,0.10,60.00
"L",1993,231,1993-08-19,4.00,22.90,5.90,4.00,5.80,5.00,4.10,0.00,59.00
"L",1993,238,1993-08-26,4.50,23.60,5.90,4.50,5.40,2.50,4.25,0.15,57.00
"L",1993,243,1993-08-31,4.00,21.00,5.80,4.50,5.40,5.00,3.80,0.15,60.00
"L",1993,250,1993-09-07,5.00,17.30,5.70,5.00,5.60,1.00,4.70,0.00,58.00
"L",1994,137,1994-05-17,2.50,13.90,5.30,3.50,5.30,15.00,3.60,0.00,70.00
"L",1994,146,1994-05-26,2.50,16.50,5.50,4.00,5.10,10.00,4.20,0.00,69.00
"L",1994,153,1994-06-02,3.00,17.20,5.75,3.00,5.10,8.00,5.00,0.00,67.00
"L",1994,160,1994-06-09,3.00,18.40,5.50,3.50,4.90,7.00,3.90,0.00,67.00
"L",1994,167,1994-06-16,3.00,22.30,5.50,3.50,5.10,7.00,3.90,0.00,65.00
"W",1995,234,1995-08-22,3.50,23.20,4.40,3.00,3.60,1.19,2.70,0.00,15.94
"W",1995,241,1995-08-29,4.00,20.80,4.50,0.50,4.00,0.92,2.60,0.00,15.95
"W",1995,247,1995-09-04,4.00,22.00,5.50,3.50,4.25,1.34,2.80,0.01,15.86
"W",1996,150,1996-05-29,2.50,16.00,4.90,2.50,3.40,2.80,2.75,0.00,16.82
"W",1996,157,1996-06-05,2.50,16.20,4.80,2.50,3.30,2.40,2.90,0.05,16.85
"W",1996,164,1996-06-12,2.50,22.40,4.40,2.50,3.30,2.40,3.25,0.00,16.84
"W",1996,171,1996-06-19,2.50,19.30,4.40,2.50,3.50,2.50,3.00,0.03,16.73
"W",1996,178,1996-06-26,2.50,19.80,4.40,0.00,3.00,1.60,2.40,0.48,16.72
"W",1996,185,1996-07-03,2.00,22.70,4.10,0.00,2.80,2.60,3.20,0.00,16.84
"W",1996,192,1996-07-10,2.50,20.40,4.00,0.00,2.90,1.50,2.80,0.00,16.82
"W",1996,199,1996-07-17,3.00,21.60,4.00,0.50,2.70,0.62,1.30,0.00,16.90
"W",1996,206,1996-07-24,2.50,21.00,3.90,1.00,2.30,0.70,1.40,0.40,16.90
"W",1996,213,1996-07-31,3.00,17.50,3.40,0.00,2.40,,1.90,0.07,17.00
"W",1996,220,1996-08-07,3.00,23.80,3.10,0.00,2.30,0.49,1.60,0.80,16.96
"W",1996,227,1996-08-14,2.50,22.10,2.30,0.00,2.20,0.56,1.60,0.00,16.85
"W",1996,234,1996-08-21,2.50,21.80,2.00,0.00,2.50,0.98,1.50,0.00,16.76
"W",1996,241,1996-08-28,2.50,19.90,2.40,0.00,2.30,0.54,2.30,0.00,16.66
"W",1996,247,1996-09-03,2.50,21.70,2.30,0.00,2.30,0.69,1.10,0.00,16.60
"W",1997,148,1997-05-28,2.00,14.90,5.60,2.00,2.90,3.30,2.30,0.00,16.90
"W",1997,155,1997-06-04,1.50,20.40,4.80,2.00,2.80,7.50,2.30,0.00,16.78
"W",1997,162,1997-06-11,1.50,23.00,3.90,3.00,2.88,7.10,1.90,0.00,16.78
"W",1997,169,1997-06-18,2.50,18.40,3.90,2.50,3.00,1.70,1.50,0.65,16.70
"W",1997,176,1997-06-25,2.50,23.20,3.70,2.50,2.40,0.87,1.00,1.30,16.60
"W",1997,183,1997-07-02,2.00,24.30,3.50,2.00,2.60,1.90,1.20,0.92,16.58
"W",1997,190,1997-07-09,2.50,18.60,3.90,0.00,3.00,1.70,3.00,0.00,16.62
"W",1997,197,1997-07-16,2.00,25.50,3.45,0.00,2.90,2.90,2.10,0.06,16.52
"W",1997,204,1997-07-23,2.50,22.10,3.40,0.00,2.75,1.30,2.60,0.07,16.42
"W",1997,211,1997-07-30,2.50,22.70,3.20,0.00,2.50,1.10,1.25,0.00,16.34
"W",1997,218,1997-08-06,2.50,21.70,2.40,0.00,2.60,1.10,2.25,0.00,16.24
"W",1997,225,1997-08-13,2.50,20.30,2.70,0.00,2.70,1.20,2.00,0.00,16.13
"W",1997,232,1997-08-20,3.00,18.10,3.00,0.00,2.83,0.72,1.10,1.40,16.30
"W",1997,239,1997-08-27,3.50,19.60,2.90,1.00,2.50,,1.70,0.00,16.25
"W",1997,246,1997-09-03,3.00,18.20,2.90,0.00,2.80,0.60,1.95,0.00,16.36
"W",1998,147,1998-05-27,2.50,20.60,4.40,3.00,3.50,2.70,1.60,0.00,16.60
"W",1998,154,1998-06-03,3.00,15.80,4.25,3.00,3.30,1.30,,0.00,16.68
"W",1998,161,1998-06-10,3.50,16.00,3.90,0.00,3.20,0.70,2.00,0.18,16.62
"W",1998,168,1998-06-17,1.50,22.10,3.90,1.50,3.30,12.30,2.00,0.00,16.74
"W",1998,175,1998-06-24,2.00,22.40,3.80,0.00,3.10,3.40,2.25,1.00,16.68
"W",1998,182,1998-07-01,2.50,22.50,3.30,0.00,2.70,1.20,1.70,0.00,16.69
"W",1998,189,1998-07-08,2.50,21.40,2.90,0.00,2.50,1.30,1.75,0.00,16.70
"W",1998,196,1998-07-15,2.50,25.20,2.30,0.00,2.70,1.30,1.50,0.60,
"W",1998,203,1998-07-22,2.50,24.10,2.00,0.00,2.60,1.10,2.60,0.00,16.46
"W",1998,210,1998-07-29,3.00,21.50,2.40,0.00,2.70,0.60,2.00,0.00,16.33
"W",1998,217,1998-08-05,3.00,22.90,2.40,0.00,2.90,0.90,2.50,0.00,16.25
"W",1998,224,1998-08-12,3.00,23.00,2.40,0.00,2.80,0.70,2.00,0.00,16.19
"W",1998,231,1998-08-19,3.00,21.10,2.90,0.00,3.40,1.50,2.50,0.05,16.15
"W",1998,238,1998-08-26,3.00,21.90,2.70,0.00,3.00,1.00,2.70,0.00,16.20
"W",1998,243,1998-08-31,3.00,22.50,2.80,0.00,3.60,2.00,,0.00,16.11
"W",1999,146,1999-05-26,3.50,12.90,4.70,0.00,3.30,0.72,2.50,0.12,17.00
"W",1999,153,1999-06-02,3.00,15.80,4.80,2.00,3.25,1.22,2.10,0.00,16.90
"W",1999,160,1999-06-09,2.50,21.90,4.40,1.00,2.90,1.73,2.25,0.00,17.00
"W",1999,167,1999-06-16,2.50,18.30,4.60,1.00,3.10,2.09,2.40,0.00,16.94
"W",1999,174,1999-06-23,2.50,22.10,3.90,1.50,3.00,2.01,2.30,0.85,16.84
"W",1999,181,1999-06-30,2.50,20.50,3.40,0.00,3.50,2.06,,0.00,16.77
"W",1999,188,1999-07-07,2.50,22.40,3.30,0.50,2.70,1.30,2.75,0.00,
"W",1999,195,1999-07-14,3.50,21.60,3.10,0.00,2.75,,2.00,0.00,17.05
"W",1999,202,1999-07-21,2.50,24.10,2.70,0.00,2.50,0.93,2.10,0.00,16.96
"W",1999,209,1999-07-28,2.00,25.00,2.40,0.00,2.70,3.17,1.80,0.00,17.00
"W",1999,216,1999-08-04,2.50,23.20,2.40,0.00,2.70,1.25,2.25,0.28,17.00
"W",1999,223,1999-08-11,3.00,20.40,2.90,0.50,2.90,0.89,2.50,0.00,16.90
"W",1999,230,1999-08-18,3.50,19.90,2.90,0.00,3.00,0.40,2.00,0.00,16.98
"W",1999,237,1999-08-25,3.50,21.70,2.90,0.50,2.75,0.27,2.40,0.00,16.95
"W",1999,243,1999-08-31,3.50,19.90,2.75,0.00,3.00,0.50,2.00,0.10,16.88
"L",2000,145,2000-05-24,2.50,16.70,,4.50,5.00,13.62,4.40,,100.00
"R",2000,145,2000-05-24,2.50,16.80,,4.00,5.20,14.90,4.00,,15.38
"E",2000,146,2000-05-25,2.50,15.40,,0.00,1.90,0.30,1.00,,92.50
"W",2000,146,2000-05-25,2.50,15.70,,3.50,3.90,5.26,2.60,,16.78
"H",2000,147,2000-05-26,1.50,15.40,5.50,0.00,1.25,0.21,0.50,,
"T",2000,147,2000-05-26,2.50,16.40,,3.00,2.90,1.76,2.20,,
"L",2000,178,2000-06-26,3.50,20.30,9.00,4.50,4.30,2.96,3.75,,105.00
"R",2000,178,2000-06-26,3.00,20.20,7.50,5.00,5.50,9.27,3.00,,15.56
"E",2000,179,2000-06-27,2.00,18.90,3.00,0.00,1.50,0.21,0.90,,97.00
"W",2000,179,2000-06-27,3.00,19.50,8.00,3.50,3.90,2.56,2.60,,16.92
"H",2000,180,2000-06-28,1.00,19.10,1.50,0.00,1.10,1.23,0.70,,
"T",2000,180,2000-06-28,2.00,19.90,10.00,2.50,3.10,5.01,1.60,,
"L",2000,206,2000-07-24,3.00,19.90,5.50,3.50,3.75,2.37,3.30,,96.00
"R",2000,206,2000-07-24,3.50,20.70,7.00,3.50,3.30,0.67,2.00,,
"E",2000,207,2000-07-25,1.50,21.20,3.50,0.00,1.40,0.69,0.75,,
"W",2000,207,2000-07-25,3.00,20.90,3.00,0.00,3.10,1.15,1.90,,16.95
"H",2000,208,2000-07-26,1.00,20.40,1.00,0.00,0.70,0.28,,,
"T",2000,208,2000-07-26,2.50,21.00,7.00,3.50,2.90,1.44,1.70,,
"L",2000,234,2000-08-21,3.50,20.00,4.50,0.00,4.90,3.70,4.25,,98.00
"R",2000,234,2000-08-21,3.50,20.20,6.50,0.00,3.60,1.06,1.50,,15.50
"E",2000,235,2000-08-22,2.50,20.70,5.00,0.00,1.60,0.00,0.80,,95.00
"W",2000,235,2000-08-22,3.00,20.60,3.00,0.50,3.40,1.58,3.10,,16.86
"H",2000,236,2000-08-23,0.50,20.60,1.50,0.00,0.75,3.25,0.50,,
"T",2000,236,2000-08-23,2.50,20.70,6.50,3.50,2.90,1.68,1.90,,
"L",2001,148,2001-05-28,3.00,14.30,5.50,4.00,5.40,7.73,5.70,0.00,103.60
"R",2001,149,2001-05-29,3.50,15.80,6.50,3.50,6.00,6.50,4.25,0.00,15.70
"H",2001,150,2001-05-30,2.00,15.40,1.50,0.00,1.00,,0.50,,
"L",2001,155,2001-06-04,3.50,13.60,5.50,4.00,5.50,6.39,5.70,,
"R",2001,156,2001-06-05,3.50,14.40,6.50,3.50,6.00,5.63,4.00,0.00,15.60
"H",2001,157,2001-06-06,2.50,15.50,2.00,0.00,0.90,,0.50,0.00,
"L",2001,162,2001-06-11,4.00,20.00,5.50,4.00,5.40,3.59,5.25,16.00,
"R",2001,163,2001-06-12,3.50,20.50,6.00,3.50,5.90,5.24,4.25,6.00,15.62
"L",2001,169,2001-06-18,3.50,20.10,5.50,4.00,5.40,4.54,4.10,10.00,102.00
"R",2001,170,2001-06-19,4.00,19.50,6.00,3.50,6.10,5.36,5.25,11.00,15.65
"H",2001,171,2001-06-20,1.50,20.00,1.50,0.00,0.90,0.10,0.50,0.00,
"L",2001,176,2001-06-25,3.00,21.50,5.50,4.50,5.40,6.58,4.50,0.00,101.00
"R",2001,177,2001-06-26,3.50,23.10,6.50,4.00,6.20,7.35,5.00,0.00,16.56
"L",2001,183,2001-07-02,3.00,21.80,5.50,4.00,4.90,4.34,5.00,,
"R",2001,184,2001-07-03,3.50,21.00,6.50,3.50,6.50,6.12,4.80,10.00,15.49
"H",2001,185,2001-07-04,1.50,19.50,1.50,0.00,0.75,,0.48,1.00,
"L",2001,190,2001-07-09,3.50,22.80,5.50,4.50,5.30,3.96,4.00,,97.50
"R",2001,191,2001-07-10,4.00,22.80,6.50,4.50,6.10,4.64,,,15.40
"L",2001,197,2001-07-16,3.50,23.90,5.50,4.50,5.40,4.33,4.85,0.00,95.10
"R",2001,198,2001-07-17,4.00,24.00,6.50,3.50,6.70,4.39,5.65,0.00,15.33
"H",2001,199,2001-07-18,1.50,24.20,1.00,0.00,0.75,,0.60,0.00,
"L",2001,204,2001-07-23,3.50,26.90,5.50,4.00,5.30,4.06,4.00,0.00,98.00
"R",2001,205,2001-07-24,3.50,26.20,6.50,3.50,6.30,7.41,5.50,,15.40
"L",2001,211,2001-07-30,3.50,21.90,6.00,5.00,5.10,3.95,4.00,27.60,96.60
"R",2001,212,2001-07-31,4.00,22.20,6.00,4.50,6.50,6.15,5.10,,15.38
"H",2001,213,2001-08-01,2.00,23.10,1.50,0.00,0.80,,0.60,35.00,
"L",2001,218,2001-08-06,3.50,26.70,5.00,4.00,5.10,4.38,3.40,,105.00
"R",2001,219,2001-08-07,4.00,27.10,6.00,3.50,6.20,4.81,5.50,,15.50
"L",2001,225,2001-08-13,4.50,21.70,5.50,4.50,5.10,1.78,4.50,0.60,97.80
"R",2001,226,2001-08-14,4.00,22.20,6.00,4.50,6.10,4.99,5.25,,15.39
"H",2001,227,2001-08-15,2.00,19.80,1.50,0.00,1.00,,0.50,,
"L",2001,232,2001-08-20,4.00,20.80,5.50,0.50,5.30,3.15,4.75,,97.30
"R",2001,233,2001-08-21,4.50,21.60,6.00,0.00,5.90,3.19,4.75,,15.36
"L",2001,239,2001-08-27,4.50,22.40,5.50,0.00,5.50,2.67,4.90,2.90,95.30
"R",2001,240,2001-08-28,4.50,22.20,6.00,3.50,6.00,3.34,,,15.28
"L",2001,247,2001-09-04,4.50,22.40,6.00,0.00,,,,,92.70
"R",2001,247,2001-09-04,4.50,22.20,6.00,0.00,,,,,15.20
"R",2002,148,2002-05-28,3.00,16.30,6.50,3.50,5.00,6.34,3.10,,15.98
"T",2002,149,2002-05-29,3.00,18.90,8.00,2.50,3.30,1.75,,,
"L",2002,150,2002-05-30,1.50,19.60,5.50,4.00,4.50,21.38,4.00,,
"R",2002,154,2002-06-03,3.00,17.50,6.00,4.00,5.00,6.81,2.50,,15.88
"T",2002,155,2002-06-04,2.00,16.00,8.00,2.50,3.10,4.33,1.85,,
"L",2002,156,2002-06-05,3.00,15.30,5.50,3.50,4.20,4.71,4.10,6.00,
"R",2002,161,2002-06-10,3.00,19.50,6.00,4.00,4.50,5.19,2.10,,15.90
"T",2002,162,2002-06-11,1.50,20.70,7.00,2.50,3.30,9.94,2.05,34.00,
"L",2002,163,2002-06-12,3.00,18.40,5.50,4.00,4.30,4.29,3.50,1.00,
"R",2002,168,2002-06-17,3.00,18.40,6.50,3.50,4.20,3.73,2.80,,16.18
"T",2002,169,2002-06-18,2.50,19.10,7.00,3.00,3.00,1.85,,,
"L",2002,170,2002-06-19,3.50,19.70,5.50,3.50,4.50,3.17,3.75,,
"R",2002,175,2002-06-24,3.00,21.90,6.00,4.50,4.70,5.20,2.70,13.50,16.10
"T",2002,176,2002-06-25,2.50,23.30,6.50,3.00,3.30,2.42,2.20,,
"L",2002,177,2002-06-26,2.50,23.80,6.00,4.50,4.40,6.27,4.15,,
"R",2002,182,2002-07-01,3.00,27.00,6.50,4.00,3.70,1.79,1.30,,16.00
"T",2002,183,2002-07-02,1.50,26.70,6.50,3.50,3.30,9.07,2.40,,61.50
"L",2002,184,2002-07-03,2.00,27.20,5.50,4.50,4.80,10.55,4.10,1.40,58.90
"R",2002,189,2002-07-08,2.50,26.30,6.00,4.00,4.80,7.69,1.90,16.00,15.92
"T",2002,190,2002-07-09,2.50,25.80,6.00,2.50,3.40,2.49,2.40,,58.00
"L",2002,191,2002-07-10,2.50,24.90,5.50,4.00,5.00,7.49,4.40,,67.00
"R",2002,196,2002-07-15,3.00,25.80,6.00,3.50,4.20,2.88,1.60,,15.80
"T",2002,197,2002-07-16,2.50,26.20,6.00,3.50,3.10,2.24,2.60,,53.00
"L",2002,198,2002-07-17,2.50,26.40,5.00,3.50,4.70,7.69,3.80,,53.80
"R",2002,203,2002-07-22,2.50,25.50,5.50,3.50,3.60,2.88,1.20,41.00,15.88
"T",2002,204,2002-07-23,2.50,24.20,10.00,4.00,3.10,2.18,2.25,0.80,54.40
"L",2002,205,2002-07-24,3.00,24.10,5.50,4.00,4.50,4.30,3.75,,66.20
"R",2002,210,2002-07-29,3.00,25.10,5.50,2.50,2.90,0.93,0.95,7.00,15.80
"T",2002,211,2002-07-30,3.00,25.10,5.50,3.50,4.40,1.32,2.25,,51.70
"L",2002,212,2002-07-31,3.50,25.40,5.50,3.50,5.00,3.79,4.00,9.00,65.00
"R",2002,217,2002-08-05,3.00,22.80,5.50,3.00,3.30,1.30,1.50,,15.86
"T",2002,218,2002-08-06,3.00,22.50,5.00,3.50,3.10,1.14,2.30,,52.80
"L",2002,219,2002-08-07,3.50,22.00,5.50,3.50,4.70,3.39,4.00,,66.70
"R",2002,224,2002-08-12,4.00,23.40,6.00,3.00,3.90,1.25,1.45,0.50,15.75
"T",2002,225,2002-08-13,3.00,23.20,5.00,3.50,3.70,2.10,2.25,2.60,48.80
"L",2002,226,2002-08-14,4.00,22.70,5.50,3.50,4.80,2.39,4.25,,64.40
"R",2002,231,2002-08-19,3.50,20.40,5.50,3.50,3.50,0.99,1.45,,15.74
"T",2002,232,2002-08-20,3.50,20.30,5.00,2.00,3.40,0.84,2.20,,48.40
"L",2002,233,2002-08-21,4.50,20.50,5.50,4.00,5.30,2.46,3.75,33.00,67.50
"R",2002,238,2002-08-26,3.50,21.60,5.50,3.50,4.10,1.79,2.00,,15.79
"T",2002,239,2002-08-27,3.50,21.80,12.00,3.50,3.80,1.35,2.50,,49.50
"L",2002,240,2002-08-28,4.00,21.40,5.00,0.50,5.10,3.13,4.20,,
"R",2002,246,2002-09-03,3.50,21.50,5.00,3.00,4.50,2.39,2.25,,15.72
"T",2002,247,2002-09-04,3.00,20.80,4.50,3.50,3.40,1.55,2.90,,47.20
"R",2003,147,2003-05-27,3.00,17.00,6.00,3.50,5.40,7.97,3.60,,15.78
"L",2003,148,2003-05-28,2.50,18.40,6.00,4.50,5.60,11.72,3.70,1.20,77.00
"W",2003,149,2003-05-29,2.50,17.30,12.00,2.50,3.50,2.86,2.70,,84.50
"R",2003,153,2003-06-02,3.50,16.40,6.00,3.50,5.70,7.26,2.60,,15.66
"L",2003,154,2003-06-03,3.00,17.20,5.50,4.00,4.90,7.75,4.75,,69.60
"M",2003,155,2003-06-04,4.50,18.10,,6.00,7.00,5.18,,,
"R",2003,160,2003-06-09,3.00,17.50,6.00,4.00,5.80,11.15,4.40,0.40,15.59
"L",2003,161,2003-06-10,3.50,17.30,6.00,4.00,6.10,5.20,3.65,11.00,70.00
"W",2003,162,2003-06-11,3.00,17.20,11.00,0.00,3.70,1.99,2.90,1.60,3.80
"R",2003,167,2003-06-16,3.50,21.20,6.00,4.50,5.70,7.27,4.30,,
"L",2003,168,2003-06-17,3.00,23.00,5.50,4.50,5.60,7.60,4.60,,67.50
"M",2003,169,2003-06-18,4.50,22.50,12.00,6.00,6.50,14.39,5.50,,
"R",2003,174,2003-06-23,3.00,22.80,6.50,4.00,6.20,11.25,3.60,,15.44
"L",2003,175,2003-06-24,3.00,23.50,5.50,4.50,5.60,5.84,5.00,6.50,66.00
"W",2003,176,2003-06-25,2.50,24.40,9.00,0.50,3.70,3.60,2.30,7.00,81.00
"R",2003,181,2003-06-30,3.50,20.40,6.00,4.00,5.70,6.05,4.10,,15.40
"L",2003,182,2003-07-01,3.50,21.50,5.50,4.00,4.80,3.16,5.80,,65.00
"M",2003,183,2003-07-02,4.00,21.80,11.00,8.00,7.50,9.45,4.90,8.00,
"R",2003,188,2003-07-07,3.00,24.50,6.50,4.00,6.10,10.00,4.40,,15.38
"L",2003,189,2003-07-08,3.50,23.80,5.50,4.50,5.30,3.82,4.50,,63.80
"W",2003,190,2003-07-09,2.50,22.70,6.50,0.00,3.50,2.91,3.80,,40.00
"R",2003,195,2003-07-14,3.50,22.50,6.00,4.50,5.90,7.44,2.60,,15.34
"L",2003,196,2003-07-15,4.00,21.90,5.50,4.50,5.20,2.38,3.20,3.80,64.00
"M",2003,197,2003-07-16,5.00,22.20,10.00,7.00,7.80,5.24,3.90,,
"R",2003,202,2003-07-21,3.50,23.00,6.00,4.50,6.10,8.89,3.80,,15.28
"L",2003,203,2003-07-22,3.50,21.40,5.50,4.50,4.50,2.32,3.40,1.50,61.70
"W",2003,204,2003-07-23,3.00,21.00,6.00,0.00,3.20,1.29,3.00,,71.70
"R",2003,209,2003-07-28,3.50,23.00,6.50,3.50,6.00,9.48,3.50,,15.22
"L",2003,210,2003-07-29,3.50,23.10,5.50,4.50,4.60,2.91,3.75,,59.50
"M",2003,211,2003-07-30,5.00,23.20,10.00,8.00,8.00,7.15,4.60,20.50,
"R",2003,216,2003-08-04,3.50,22.70,6.50,4.50,6.40,9.38,3.40,1.25,15.24
"L",2003,217,2003-08-05,4.50,23.10,5.50,4.00,4.90,1.45,4.60,,61.00
"W",2003,218,2003-08-06,3.00,23.40,3.00,0.50,3.50,1.91,2.80,,70.80
"R",2003,223,2003-08-11,4.50,23.40,6.50,4.00,6.50,5.58,4.20,,15.18
"L",2003,224,2003-08-12,4.00,22.40,5.50,4.00,4.90,2.25,4.75,,58.00
"M",2003,225,2003-08-13,5.50,23.40,10.00,8.00,6.90,3.24,5.20,,
"R",2003,230,2003-08-18,4.00,24.90,6.50,4.00,6.10,5.21,4.30,,15.08
"L",2003,231,2003-08-19,4.50,25.10,5.50,0.00,5.10,1.80,4.60,,55.50
"W",2003,232,2003-08-20,3.50,24.90,3.00,0.00,3.60,1.16,3.00,26.40,77.50
"R",2003,237,2003-08-25,4.50,23.60,6.50,4.50,6.30,4.23,4.00,,15.11
"L",2003,238,2003-08-26,5.00,23.30,5.50,0.00,5.20,1.17,4.50,12.50,58.60
"M",2003,239,2003-08-27,6.00,23.50,9.00,7.00,6.70,1.93,4.50,,
"L",2004,146,2004-05-25,3.50,12.00,5.00,4.00,5.00,4.71,4.20,,77.40
"R",2004,147,2004-05-26,3.50,12.50,5.50,4.00,5.30,6.02,4.25,,15.83
"W",2004,148,2004-05-27,4.00,13.50,10.00,0.00,3.20,0.41,2.00,9.00,92.70
"M",2004,149,2004-05-28,6.00,13.30,15.00,6.50,7.50,3.56,5.24,,
"L",2004,153,2004-06-01,3.50,13.80,5.00,4.00,5.10,4.39,4.20,6.00,78.30
"R",2004,154,2004-06-02,4.00,13.90,5.50,3.50,5.40,2.77,3.90,,15.90
"W",2004,155,2004-06-03,3.50,14.90,8.00,0.00,3.00,0.63,2.50,,3.65
"M",2004,156,2004-06-04,6.00,15.90,16.00,7.00,8.00,2.73,5.90,,
"L",2004,159,2004-06-07,3.50,19.70,5.00,4.00,5.20,5.72,3.90,,16.50
"E",2004,160,2004-06-08,2.00,22.20,9.00,2.00,3.00,2.13,2.60,,92.50
"W",2004,161,2004-06-09,2.00,21.00,6.00,2.00,3.10,3.70,2.20,5.00,92.30
"M",2004,162,2004-06-10,4.00,18.30,15.00,8.00,7.70,7.62,5.20,,
"L",2004,166,2004-06-14,2.50,19.70,5.50,4.00,5.10,9.01,2.90,15.00,76.00
"R",2004,167,2004-06-15,3.50,20.10,5.50,3.50,7.00,4.40,2.30,2.20,15.80
"W",2004,168,2004-06-16,3.50,21.10,5.50,0.00,3.00,0.59,2.40,,92.20
"M",2004,169,2004-06-17,5.00,20.30,14.00,8.00,8.00,6.82,5.10,,
"L",2004,173,2004-06-21,3.00,19.60,5.50,4.00,5.20,7.34,3.90,,73.30
"E",2004,174,2004-06-22,3.00,19.40,7.00,0.00,2.90,0.81,1.60,,88.00
"W",2004,175,2004-06-23,3.00,18.60,4.50,0.00,3.00,1.00,2.40,8.40,88.40
"M",2004,176,2004-06-24,4.50,18.20,13.00,8.00,8.00,7.05,4.10,7.00,
"L",2004,180,2004-06-28,3.50,17.60,5.50,4.00,5.20,5.15,4.60,,72.40
"R",2004,181,2004-06-29,3.50,19.00,5.00,3.50,5.30,3.97,2.00,,15.62
"W",2004,182,2004-06-30,3.50,20.20,4.50,0.00,2.80,0.35,1.40,,96.10
"M",2004,183,2004-07-01,6.00,19.80,11.00,8.00,7.70,3.39,5.00,6.00,
"L",2004,188,2004-07-06,3.50,19.10,5.50,4.00,5.60,5.02,4.10,2.30,71.00
"E",2004,189,2004-07-07,3.50,17.30,6.50,1.00,1.90,0.22,2.20,,84.60
"W",2004,190,2004-07-08,3.00,16.60,3.50,0.00,2.70,0.59,2.10,,84.70
"M",2004,191,2004-07-09,5.50,18.10,12.00,8.00,7.50,3.64,4.70,,
"L",2004,194,2004-07-12,4.00,21.30,5.50,4.50,5.30,4.06,3.60,,70.70
"R",2004,195,2004-07-13,3.50,22.60,5.00,4.00,5.50,4.88,3.00,3.00,15.56
"W",2004,196,2004-07-14,3.50,21.20,3.50,0.50,2.50,0.25,2.10,,83.00
"M",2004,197,2004-07-15,6.00,21.80,11.00,8.00,7.10,2.22,4.80,,
"L",2004,201,2004-07-19,4.00,22.70,5.50,4.50,5.10,2.67,4.00,,68.50
"E",2004,202,2004-07-20,2.00,23.70,5.00,0.00,2.40,1.88,2.10,0.50,77.90
"W",2004,203,2004-07-21,2.00,24.70,3.00,0.00,2.60,2.16,1.90,,77.90
"M",2004,204,2004-07-22,8.00,23.80,11.00,8.00,7.50,0.65,4.00,,
"L",2004,208,2004-07-26,4.00,21.80,5.50,4.50,5.30,3.12,4.30,,65.70
"R",2004,209,2004-07-27,3.00,22.50,6.00,3.50,5.40,81.79,3.70,,15.36
"W",2004,210,2004-07-28,3.00,22.60,3.00,1.00,2.40,0.39,1.70,,76.40
"M",2004,211,2004-07-29,4.50,22.70,10.00,8.00,7.30,8.38,3.70,5.00,
"L",2004,215,2004-08-02,3.50,23.70,6.00,5.00,5.20,4.16,3.50,10.00,64.80
"E",2004,216,2004-08-03,3.00,23.30,2.50,0.00,2.50,0.44,2.40,,75.80
"W",2004,217,2004-08-04,2.50,23.10,2.50,1.00,2.50,0.98,4.20,,75.70
"M",2004,218,2004-08-05,8.00,22.50,10.00,5.50,6.40,0.26,3.60,,
"L",2004,222,2004-08-09,3.50,21.40,6.00,5.00,5.00,3.37,4.30,1.00,62.00
"R",2004,223,2004-08-10,3.50,21.10,6.50,3.50,6.10,9.27,3.70,8.40,15.24
"W",2004,224,2004-08-11,3.00,18.70,3.00,0.00,2.90,0.91,2.40,10.20,74.90
"M",2004,225,2004-08-12,6.00,19.00,10.00,8.00,6.30,1.38,3.80,9.60,
"L",2004,229,2004-08-16,4.50,18.50,5.50,5.00,5.60,3.15,3.80,,62.40
"E",2004,230,2004-08-17,3.50,18.00,3.50,0.00,3.00,0.45,2.40,,74.80
"W",2004,231,2004-08-18,3.50,18.00,3.00,0.00,2.80,0.37,2.40,,74.80
"M",2004,232,2004-08-19,6.50,18.50,10.00,0.00,6.50,1.01,4.10,,
"M",2005,136,2005-05-16,,10.90,,0.00,,,,,
"M",2005,138,2005-05-18,6.00,11.20,,4.00,8.50,4.75,6.20,,
"M",2005,143,2005-05-23,8.00,13.70,16.00,4.00,9.40,2.94,5.60,,
"L",2005,144,2005-05-24,1.50,16.40,6.00,4.50,5.80,39.60,5.10,,
"R",2005,144,2005-05-24,2.00,15.50,6.00,4.00,5.60,27.89,5.25,,15.51
"M",2005,151,2005-05-31,4.00,17.00,,4.50,9.00,14.65,6.40,0.00,
"L",2005,152,2005-06-01,2.50,18.70,6.00,4.50,5.80,15.95,5.30,0.00,
"R",2005,152,2005-06-01,2.50,18.20,6.00,4.50,5.80,18.17,4.45,0.00,15.46
"M",2005,157,2005-06-06,4.50,20.20,12.00,5.00,11.00,17.35,5.40,0.00,
"L",2005,158,2005-06-07,2.00,21.20,6.00,5.00,5.70,17.65,4.90,0.00,
"R",2005,158,2005-06-07,2.00,20.70,6.00,4.00,6.50,25.84,4.20,0.00,15.51
"M",2005,164,2005-06-13,3.50,22.70,12.00,4.50,9.30,21.19,5.50,80.00,
"L",2005,165,2005-06-14,2.50,23.10,6.50,5.00,5.80,11.91,4.30,6.50,
"R",2005,165,2005-06-14,3.00,23.00,6.50,4.50,6.70,12.51,4.40,6.50,15.58
"M",2005,171,2005-06-20,4.50,22.70,11.00,5.50,8.90,15.45,4.90,0.00,
"L",2005,172,2005-06-21,2.50,23.30,6.50,5.00,5.90,14.48,5.10,0.00,
"R",2005,172,2005-06-21,3.00,22.80,6.50,4.50,6.20,10.41,4.50,0.00,15.51
"M",2005,178,2005-06-27,4.50,24.20,11.00,5.50,8.90,12.49,5.00,41.00,40.00
"L",2005,179,2005-06-28,3.00,25.10,6.50,5.00,5.80,9.40,4.80,0.50,50.00
"R",2005,179,2005-06-28,3.00,24.40,6.00,5.00,6.00,9.35,4.40,0.50,15.58
"L",2005,185,2005-07-04,3.50,23.10,6.50,5.00,5.50,4.14,3.70,0.00,48.00
"R",2005,185,2005-07-04,3.50,22.70,6.00,4.50,5.80,5.98,3.80,0.00,15.52
"M",2005,186,2005-07-05,5.00,22.30,10.00,5.50,9.00,9.39,4.90,1.40,44.00
"M",2005,192,2005-07-11,5.50,25.70,11.00,5.50,8.70,7.45,5.30,0.00,42.00
"L",2005,193,2005-07-12,4.00,27.70,6.50,5.00,5.60,3.43,4.20,0.00,45.00
"R",2005,193,2005-07-12,3.50,26.90,6.00,4.50,6.10,8.47,4.50,0.00,15.42
"M",2005,199,2005-07-18,5.50,27.50,10.00,5.50,9.00,8.16,5.50,0.00,40.00
"L",2005,200,2005-07-19,3.00,26.00,6.50,4.50,5.60,6.58,5.25,0.00,42.00
"R",2005,200,2005-07-19,3.50,25.80,6.00,4.50,5.90,6.11,3.90,0.00,15.30
"M",2005,206,2005-07-25,5.00,25.30,11.00,5.50,8.50,8.10,4.70,1.50,46.00
"L",2005,207,2005-07-26,3.50,23.80,6.50,5.50,4.90,3.00,4.00,7.80,48.50
"R",2005,207,2005-07-26,3.50,24.20,6.00,4.00,6.30,6.76,3.70,7.80,15.53
"M",2005,213,2005-08-01,5.50,24.50,10.00,5.50,8.60,7.02,5.10,0.00,44.50
"L",2005,214,2005-08-02,4.50,25.30,6.00,5.00,4.70,1.15,4.00,0.00,46.50
"R",2005,214,2005-08-02,4.50,25.30,5.50,4.00,5.80,2.78,3.75,0.00,15.48
"M",2005,220,2005-08-08,6.50,25.00,10.00,5.50,7.80,2.33,4.90,0.00,41.00
"L",2005,221,2005-08-09,4.00,24.90,6.00,5.00,5.50,2.55,4.00,71.00,45.00
"R",2005,221,2005-08-09,4.00,25.30,6.00,4.50,6.30,4.87,3.70,71.00,15.43
"L",2005,227,2005-08-15,4.00,22.40,6.00,0.00,5.20,2.65,4.50,0.00,43.00
"R",2005,227,2005-08-15,4.00,22.70,5.50,4.50,4.80,2.54,3.30,0.00,15.36
"M",2005,228,2005-08-16,6.00,23.80,10.00,1.00,8.50,4.99,5.50,61.00,39.50
"M",2005,234,2005-08-22,6.50,21.10,9.00,0.00,9.90,3.48,5.40,0.00,39.00
"L",2005,235,2005-08-23,4.50,20.30,5.50,0.00,5.40,1.81,4.60,0.00,42.00
"R",2005,235,2005-08-23,4.50,20.80,5.50,0.00,5.30,1.82,2.90,0.00,15.32
"M",2005,241,2005-08-29,7.00,20.60,9.00,0.00,8.50,2.40,4.70,0.00,36.50
"M",2005,249,2005-09-06,7.00,20.80,9.00,0.00,8.90,3.69,4.20,0.00,34.00
"M",2005,254,2005-09-11,7.00,21.10,9.00,0.00,9.10,3.36,4.90,0.00,32.00
"E",2006,136,2006-05-16,4.50,11.20,6.00,0.50,,,2.25,1.52,95.60
"E",2006,137,2006-05-17,2.50,12.20,6.00,0.00,3.40,3.20,2.80,1.52,95.80
"W",2006,137,2006-05-17,4.00,12.40,5.00,2.00,3.40,,3.10,1.52,95.80
"R",2006,142,2006-05-22,2.50,12.90,5.00,3.50,4.90,11.74,3.75,0.00,15.68
"L",2006,143,2006-05-23,3.00,14.00,6.00,4.50,5.40,8.52,5.20,0.00,60.00
"M",2006,144,2006-05-24,2.50,15.40,11.00,5.00,8.40,23.15,4.80,0.00,53.00
"L",2006,149,2006-05-29,1.50,23.80,6.00,4.50,4.90,26.55,4.60,0.00,62.80
"R",2006,149,2006-05-29,1.50,22.40,5.50,3.50,4.90,31.13,3.00,0.00,15.73
"W",2006,150,2006-05-30,,,,,,,,0.00,
"E",2006,151,2006-05-31,1.50,23.80,4.50,2.50,3.20,11.55,2.20,0.00,96.50
"W",2006,151,2006-05-31,1.50,23.70,4.50,3.00,3.70,8.94,2.00,0.00,96.50
"L",2006,156,2006-06-05,2.50,22.40,6.00,3.00,5.50,11.74,5.20,0.00,59.00
"R",2006,156,2006-06-05,2.00,21.80,5.50,4.00,4.90,19.09,3.90,0.00,15.58
"M",2006,157,2006-06-06,3.00,22.00,10.00,3.50,8.50,17.10,4.90,2.54,52.00
"L",2006,163,2006-06-12,3.00,19.60,5.50,3.50,5.60,7.65,4.70,0.00,58.00
"R",2006,163,2006-06-12,3.00,19.40,5.50,4.00,5.30,10.05,3.70,0.00,15.50
"E",2006,164,2006-06-13,2.50,19.80,4.00,3.00,3.20,2.05,2.75,0.00,93.00
"W",2006,164,2006-06-13,2.50,20.00,4.00,3.00,3.30,2.17,3.00,0.00,93.00
"R",2006,170,2006-06-19,3.00,23.00,5.50,4.00,5.70,11.36,3.40,0.25,15.40
"L",2006,171,2006-06-20,3.00,21.70,5.50,3.00,4.50,4.01,4.90,0.25,55.00
"M",2006,172,2006-06-21,4.00,21.80,10.00,4.50,12.00,10.27,4.75,0.00,49.00
"L",2006,177,2006-06-26,3.00,22.50,5.50,4.00,5.20,5.77,4.75,0.00,52.00
"R",2006,177,2006-06-26,3.50,22.00,6.00,4.50,5.40,6.53,4.65,0.00,15.30
"E",2006,178,2006-06-27,2.50,22.50,4.00,0.00,3.30,2.47,2.90,0.00,86.70
"W",2006,179,2006-06-28,2.50,21.50,4.00,0.00,3.20,2.05,2.80,0.00,86.00
"L",2006,184,2006-07-03,3.50,22.80,5.50,3.00,5.30,3.89,3.90,0.25,50.50
"R",2006,184,2006-07-03,3.50,23.30,6.00,4.50,5.70,7.32,3.40,0.25,15.27
"M",2006,186,2006-07-05,4.50,22.70,10.00,4.00,7.60,8.22,4.50,0.00,45.00
"L",2006,191,2006-07-10,3.00,22.30,5.50,3.50,5.20,6.36,4.10,0.00,48.00
"R",2006,191,2006-07-10,3.50,22.40,6.00,4.50,5.40,6.29,4.00,0.00,15.17
"E",2006,192,2006-07-11,3.00,22.40,3.50,0.00,2.90,0.77,2.50,0.00,82.20
"W",2006,192,2006-07-11,2.50,23.00,3.50,0.00,3.20,2.49,3.00,0.00,82.20
"R",2006,198,2006-07-17,3.50,26.70,6.50,5.00,5.90,8.60,3.30,0.00,15.08
"L",2006,199,2006-07-18,3.50,25.90,5.50,2.50,4.90,3.10,3.70,0.00,45.00
"M",2006,200,2006-07-19,4.50,25.40,10.00,4.50,7.80,9.21,5.10,0.00,40.00
"L",2006,205,2006-07-24,3.50,24.40,5.00,0.00,5.20,3.38,3.90,5.84,42.50
"R",2006,205,2006-07-24,3.50,23.70,6.50,4.00,5.80,7.09,3.60,5.84,14.96
"E",2006,206,2006-07-25,3.00,24.30,3.00,0.50,2.90,0.85,3.10,0.00,76.00
"W",2006,207,2006-07-26,3.00,24.40,3.50,0.00,3.10,1.13,2.70,2.54,76.00
"L",2006,212,2006-07-31,3.50,24.60,5.50,3.00,4.80,3.02,2.70,16.00,55.00
"R",2006,212,2006-07-31,3.50,24.50,6.50,3.50,5.90,6.53,3.50,16.00,15.38
"M",2006,213,2006-08-01,5.50,25.40,9.00,5.00,7.40,4.00,3.60,8.64,50.00
"L",2006,219,2006-08-07,4.00,23.40,5.00,0.00,5.00,2.33,3.70,0.51,56.00
"R",2006,219,2006-08-07,4.00,23.30,6.50,4.00,6.40,5.98,3.90,0.51,15.40
"E",2006,220,2006-08-08,3.50,22.90,3.00,0.00,3.00,,3.10,0.00,88.30
"W",2006,220,2006-08-08,3.50,23.00,3.00,0.00,3.00,0.53,2.60,0.00,88.30
"R",2006,226,2006-08-14,4.00,22.50,6.50,4.00,5.90,4.25,4.25,2.03,15.30
"L",2006,227,2006-08-15,4.00,21.90,5.50,0.50,4.80,1.91,3.70,0.00,53.00
"M",2006,228,2006-08-16,6.00,22.30,9.00,2.50,7.80,3.74,5.00,0.00,45.00
"L",2006,233,2006-08-21,4.00,21.80,6.00,0.00,5.50,2.78,3.80,0.00,56.00
"R",2006,233,2006-08-21,5.00,22.10,6.50,4.00,6.90,3.85,4.50,0.00,15.38
"E",2006,234,2006-08-22,3.50,22.10,3.00,0.00,3.00,,2.90,0.00,87.50
"W",2006,235,2006-08-23,3.50,21.20,3.00,0.00,3.40,0.88,2.50,0.00,87.50
"L",2006,238,2006-08-26,4.50,20.60,4.50,0.00,5.60,2.20,4.25,6.86,58.00
"R",2006,238,2006-08-26,4.50,21.00,6.50,0.00,6.90,4.84,5.00,6.86,15.44
"M",2006,239,2006-08-27,6.50,22.20,9.00,0.00,7.40,1.92,5.40,0.25,52.00
"L",2007,142,2007-05-22,3.00,15.80,6.00,4.00,5.90,11.00,4.90,0.60,55.00
"L",2007,143,2007-05-23,3.00,18.90,6.00,4.50,,10.30,4.70,0.00,55.00
"R",2007,144,2007-05-24,3.50,18.40,6.50,3.50,5.90,7.50,4.40,8.50,15.54
"L",2007,148,2007-05-28,3.50,15.60,6.00,4.00,5.90,6.20,5.20,0.00,56.00
"R",2007,149,2007-05-29,3.50,16.50,6.50,4.50,6.10,8.80,4.60,0.00,15.54
"L",2007,155,2007-06-04,3.50,19.20,6.00,3.50,6.30,8.10,4.50,0.60,55.50
"R",2007,156,2007-06-05,3.50,17.70,6.50,4.50,6.20,8.30,4.10,0.00,15.50
"L",2007,162,2007-06-11,3.00,21.20,6.00,4.50,5.90,9.40,5.60,0.00,53.00
"R",2007,163,2007-06-12,3.00,22.40,6.50,5.00,5.40,10.30,4.85,0.00,15.42
"L",2007,169,2007-06-18,3.50,23.90,6.50,3.50,5.90,7.20,5.50,4.40,50.00
"R",2007,170,2007-06-19,3.00,22.30,9.00,5.00,6.00,10.90,3.50,24.50,15.44
"L",2007,176,2007-06-25,3.50,23.60,6.50,4.00,6.00,6.00,4.80,0.00,50.50
"R",2007,177,2007-06-26,3.00,24.80,7.00,5.50,6.20,10.90,4.25,0.00,15.36
"L",2007,183,2007-07-02,3.50,22.50,6.50,4.50,6.30,6.10,4.20,2.00,48.00
"R",2007,184,2007-07-03,3.50,21.90,8.00,5.00,6.30,10.70,4.60,0.40,15.24
"L",2007,190,2007-07-09,4.00,24.70,6.50,4.00,5.70,3.60,4.25,2.60,45.50
"R",2007,191,2007-07-10,3.50,24.40,7.00,5.00,6.60,10.50,4.20,0.00,15.14
"L",2007,197,2007-07-16,4.00,20.30,6.50,4.50,4.90,1.90,4.30,0.00,45.50
"R",2007,198,2007-07-17,4.00,21.80,7.00,5.50,6.20,6.30,5.10,0.00,15.12
"L",2007,204,2007-07-23,4.00,22.70,6.50,4.50,5.20,2.60,3.60,0.00,42.00
"R",2007,205,2007-07-24,4.50,22.70,7.00,5.00,6.90,6.90,5.00,0.00,14.06
"L",2007,211,2007-07-30,4.00,25.20,6.50,4.00,5.50,3.00,4.30,0.00,41.00
"R",2007,212,2007-07-31,1.50,25.00,7.00,4.50,6.40,34.50,4.10,0.00,15.00
"L",2007,218,2007-08-06,3.50,23.40,6.00,4.00,4.90,3.80,4.30,0.00,37.00
"R",2007,219,2007-08-07,5.00,23.90,7.00,6.00,6.60,4.10,4.20,0.00,14.88
"L",2007,225,2007-08-13,4.00,23.70,6.00,0.00,4.90,2.50,4.75,0.00,34.50
"R",2007,226,2007-08-14,4.00,23.80,6.50,5.00,6.80,8.50,4.20,0.00,14.78
"L",2007,232,2007-08-20,4.50,20.20,5.50,0.00,5.80,2.30,4.50,0.00,31.00
"R",2007,233,2007-08-21,4.50,20.00,6.50,5.00,6.60,6.00,3.80,0.00,14.66
"L",2007,239,2007-08-27,5.00,20.20,5.00,3.00,5.90,2.00,4.40,1.80,30.00
"R",2007,240,2007-08-28,5.50,21.00,6.50,4.50,6.60,2.60,4.10,15.00,14.64
