lakeid,year4,daynum,sampledate,sta,secview,secnview,timeon,timeoff,airtemp,windir,windspd,waveht,cloud
"LR",2000,31,2000-01-31,1,,2.700,1120,1240,-2.000,,0,,100
"LR",2000,31,2000-01-31,2,,3.400,1245,1345,-4.000,"W  ",5,,100
"LR",2000,62,2000-03-02,1,,3.800,1220,1335,4.500,"N  ",2,,0
"LR",2000,62,2000-03-02,2,,3.900,1045,1155,3.300,"N  ",3,,60
"LR",2000,91,2000-03-31,1,2.400,2.300,1510,1605,13.000,"SW ",5,1,100
"LR",2000,91,2000-03-31,2,3.300,3.000,1344,1456,15.000,"W  ",10,2,100
"LR",2000,117,2000-04-26,1,3.200,2.700,1125,1235,20.000,,0,0,10
"LR",2000,117,2000-04-26,2,3.200,3.000,1245,1325,22.000,,0,0,10
"LR",2000,130,2000-05-09,1,4.700,4.400,1005,1130,13.600,"N  ",5,4,80
"LR",2000,130,2000-05-09,2,4.200,3.900,1146,1240,15.000,"N  ",5,2,100
"LR",2000,146,2000-05-25,1,6.200,5.800,1116,1225,15.600,"NW ",4,2,60
"LR",2000,146,2000-05-25,2,5.000,3.500,1234,1310,16.200,"W  ",10,4,35
"LR",2000,157,2000-06-05,1,5.200,4.300,1042,1215,19.000,"E  ",4,2,5
"LR",2000,157,2000-06-05,2,4.000,2.900,1230,1320,21.300,,0,1,5
"LR",2000,171,2000-06-19,1,3.600,3.300,1125,1235,19.500,"S  ",6,1,80
"LR",2000,171,2000-06-19,2,2.300,2.200,1010,1115,20.300,"S  ",8,1,100
"LR",2000,187,2000-07-05,1,3.300,2.800,1425,1550,27.500,"W  ",6,2,60
"LR",2000,187,2000-07-05,2,2.500,2.200,1100,1230,28.500,"SW ",7,2,70
"LR",2000,199,2000-07-17,1,3.500,2.600,1125,1255,23.500,"W  ",10,2,15
"LR",2000,199,2000-07-17,2,2.300,1.800,1307,1400,23.400,"W  ",20,5,0
"LR",2000,213,2000-07-31,1,2.300,2.000,1210,1350,27.000,,0,0,60
"LR",2000,213,2000-07-31,2,2.100,1.900,1020,1145,27.500,,0,0,30
"LR",2000,227,2000-08-14,1,2.800,2.400,1020,1115,26.000,"W  ",13,4,100
"LR",2000,227,2000-08-14,2,3.600,3.100,1130,1213,26.100,"W  ",13,1,40
"LR",2000,242,2000-08-29,1,3.100,3.400,1256,1440,23.500,"E  ",7,3,0
"LR",2000,242,2000-08-29,2,3.600,3.900,1007,1154,20.000,"NE ",1,1,0
"LR",2000,255,2000-09-11,1,4.100,4.000,1246,1340,22.400,"N  ",5,2,100
"LR",2000,255,2000-09-11,2,2.600,2.600,1134,1230,21.800,"N  ",3,1,100
"LR",2000,269,2000-09-25,1,6.900,6.000,1231,1345,13.500,"W  ",1,1,30
"LR",2000,269,2000-09-25,2,3.800,3.600,1117,1220,13.000,,0,0,50
"LR",2000,283,2000-10-09,1,6.300,4.500,957,1123,7.500,"NE ",10,2,10
"LR",2000,283,2000-10-09,2,5.700,4.500,1133,1222,8.700,"NE ",13,3,1
"LR",2000,297,2000-10-23,1,4.900,4.700,1212,1323,14.700,"SE ",4,0,100
"LR",2000,297,2000-10-23,2,4.200,4.100,1055,1159,13.500,"SE ",4,0,100
"LR",1983,232,1983-08-20,1,6.100,5.600,1135,1245,25.000,,3,2,0
"LR",1983,232,1983-08-20,2,6.000,5.800,930,1100,24.000,,0,0,0
"LR",1983,256,1983-09-13,1,,,1934,2205,11.000,"W",3,0,99
"LR",1983,256,1983-09-13,2,5.500,5.300,1555,1750,15.100,"W",3,0,50
"LR",1983,278,1983-10-05,1,6.100,5.200,1130,1358,15.300,"S",5,3,80
"LR",1983,278,1983-10-05,2,6.200,5.200,1446,1546,15.800,"SW ",5,4,5
"LR",1983,293,1983-10-20,1,5.900,5.900,1005,1141,5.500,"N",2,1,20
"LR",1983,293,1983-10-20,2,6.700,6.600,1218,1319,7.600,"SE ",,1,30
"LR",1983,311,1983-11-07,1,6.300,4.900,1012,1130,6.500,"S",2,1,99
"LR",1983,311,1983-11-07,2,6.500,6.600,1212,1315,8.000,"S",8,1,90
"LR",1984,4,1984-01-04,1,,4.700,925,1051,0.900,"N",5,,99
"LR",1984,4,1984-01-04,2,,4.400,1152,1250,-0.700,"N",5,,99
"LR",1984,53,1984-02-22,1,,6.200,1102,1232,8.500,"S",2,,30
"LR",1984,53,1984-02-22,2,,5.700,1315,1420,11.300,,0,,10
"LR",1984,96,1984-04-05,1,,4.400,1008,1155,6.800,"NW ",7,,0
"LR",1984,96,1984-04-05,2,,5.100,1303,1435,7.200,"N",3,,0
"LR",1984,117,1984-04-26,1,5.100,4.700,945,1055,15.500,"S",15,3,10
"LR",1984,117,1984-04-26,2,5.000,4.900,1142,1252,20.000,"SE ",7,3,0
"LR",1984,131,1984-05-10,1,4.300,4.200,1011,1124,10.800,"S",5,2,99
"LR",1984,131,1984-05-10,2,4.500,4.500,1210,1306,9.000,,0,0,99
"LR",1984,150,1984-05-29,1,5.900,5.000,959,1134,14.200,"N",13,5,28
"LR",1984,150,1984-05-29,2,5.400,4.300,1225,1327,18.600,"N",5,3,12
"LR",1984,163,1984-06-11,1,5.400,4.700,953,1122,17.000,"SW ",2,0,4
"LR",1984,163,1984-06-11,2,5.000,4.200,1159,,19.800,"SE ",5,3,14
"LR",1984,177,1984-06-25,1,5.000,4.900,945,1132,21.000,"SW ",7,2,5
"LR",1984,177,1984-06-25,2,4.800,4.300,1226,1323,22.000,"SW ",7,2,10
"LR",1984,192,1984-07-10,1,4.300,4.200,915,1035,19.000,,0,0,99
"LR",1984,192,1984-07-10,2,4.600,4.500,1107,1159,21.700,,0,0,99
"LR",1984,205,1984-07-23,1,4.900,4.400,938,1120,23.600,"N",5,3,7
"LR",1984,205,1984-07-23,2,4.900,3.900,1220,1345,27.000,"N",5,4,82
"LR",1984,219,1984-08-06,1,5.000,5.000,945,1115,23.100,,0,0,25
"LR",1984,219,1984-08-06,2,4.200,3.500,1158,1300,24.000,"N",2,1,70
"LR",1984,233,1984-08-20,1,4.900,4.400,845,948,19.000,"SW ",3,2,10
"LR",1984,233,1984-08-20,2,4.300,3.600,1023,1110,20.900,"SW ",8,3,10
"LR",1984,254,1984-09-10,1,5.200,4.800,1210,1340,15.800,"W",1,2,70
"LR",1984,254,1984-09-10,2,5.100,4.500,1014,1125,13.800,"W",1,2,90
"LR",1984,276,1984-10-02,1,4.900,4.300,1046,1234,13.500,"SW ",8,5,99
"LR",1984,276,1984-10-02,2,5.000,4.400,1338,1508,15.300,"W",6,4,99
"LR",1984,298,1984-10-24,1,,4.700,857,1035,2.100,"S",0,2,0
"LR",1984,298,1984-10-24,2,,5.100,1140,1255,7.300,"W",,2,5
"LR",1984,338,1984-12-03,1,,2.500,1105,1308,-4.200,"NW ",6,,99
"LR",1984,339,1984-12-04,2,,2.800,1010,1110,,"NNW",7,,0
"LR",1985,16,1985-01-16,1,,3.700,1145,1348,-2.500,"S",3,,99
"LR",1985,16,1985-01-16,2,,3.800,1000,1135,-6.200,,0,,99
"LR",1985,52,1985-02-21,1,,4.600,1124,1242,4.800,,0,,99
"LR",1985,52,1985-02-21,2,,5.200,945,1110,4.800,,0,,99
"LR",1985,79,1985-03-20,1,,5.200,958,1119,-4.000,"E",2,,0
"LR",1985,79,1985-03-20,2,,5.100,1156,1255,-2.000,,0,,0
"LR",1985,92,1985-04-02,1,,2.000,933,1150,2.200,"SW ",8,,99
"LR",1985,92,1985-04-02,2,,3.300,1215,1353,4.600,"SW ",3,,99
"LR",1985,114,1985-04-24,1,3.900,3.700,1140,1340,9.000,"S",0,1,99
"LR",1985,114,1985-04-24,2,5.000,4.000,950,1121,15.000,,0,0,99
"LR",1985,128,1985-05-08,1,5.000,4.600,1115,1235,18.000,"S",1,3,0
"LR",1985,128,1985-05-08,2,5.500,5.500,948,1105,19.000,"W",1,2,0
"LR",1985,142,1985-05-22,1,6.000,5.900,1040,1205,18.800,"SW ",1,2,5
"LR",1985,142,1985-05-22,2,6.000,6.000,913,1030,16.000,"W",1,3,0
"LR",1985,155,1985-06-04,1,6.900,5.500,1121,1320,14.400,"S",1,0,90
"LR",1985,155,1985-06-04,2,4.100,4.600,927,1043,17.400,"ESE",2,0,10
"LR",1985,168,1985-06-17,1,,,1051,1205,12.000,"W",3,,20
"LR",1985,168,1985-06-17,2,4.100,3.400,936,1034,17.000,"W",3,3,0
"LR",1985,183,1985-07-02,1,5.000,4.100,1027,1150,21.000,"NW ",3,4,30
"LR",1985,183,1985-07-02,2,4.000,3.700,858,1016,18.500,"NE ",1,1,0
"LR",1985,197,1985-07-16,1,5.300,4.900,1100,,21.000,,0,0,10
"LR",1985,197,1985-07-16,2,5.700,5.500,100,,22.000,,2,0,0
"LR",1985,211,1985-07-30,1,6.000,5.300,1140,,23.000,"NNE",1,1,95
"LR",1985,211,1985-07-30,2,6.000,5.000,938,1120,22.500,"NNE",3,1,90
"LR",1985,225,1985-08-13,1,6.400,5.300,941,1109,23.000,"SE ",6,2,0
"LR",1985,225,1985-08-13,2,6.600,5.900,1136,1243,23.000,"NW ",10,5,0
"LR",1985,239,1985-08-27,1,5.600,4.900,959,1129,21.000,"S",4,2,85
"LR",1985,239,1985-08-27,2,6.300,5.200,1156,1300,23.000,"S",2,1,80
"LR",1985,259,1985-09-16,1,7.000,6.100,956,1120,20.000,"S",10,6,95
"LR",1985,259,1985-09-16,2,5.100,4.900,1147,1244,21.500,"S",10,1,99
"LR",1985,281,1985-10-08,1,6.000,4.100,1007,1117,11.500,"SW ",12,7,99
"LR",1985,281,1985-10-08,2,6.000,5.500,1125,1220,14.500,"SW ",6,2,99
"LR",1985,301,1985-10-28,1,6.000,5.000,914,1015,7.000,"S",2,1,0
"LR",1985,301,1985-10-28,2,4.900,4.100,1030,1125,10.500,"S",1,0,0
"LR",1985,310,1985-11-06,1,6.400,5.000,1109,1240,3.500,"N",3,1,99
"LR",1985,310,1985-11-06,2,4.400,3.300,1252,1354,5.000,"NE ",4,2,99
"LR",1985,339,1985-12-05,1,,3.000,1030,1220,-7.100,,0,,99
"LR",1985,339,1985-12-05,2,,2.000,1250,1445,-4.000,"NE ",3,,99
"LR",1986,23,1986-01-23,1,,3.100,1327,,-5.000,,0,,50
"LR",1986,23,1986-01-23,2,,3.100,1130,,-6.200,"SW ",1,,10
"LR",1986,65,1986-03-06,1,,,1239,1430,-5.000,"NW ",27,,65
"LR",1986,65,1986-03-06,2,,,1015,1210,-7.500,"NW ",20,,99
"LR",1986,86,1986-03-27,1,,4.300,900,1040,1.000,"W",10,,5
"LR",1986,86,1986-03-27,2,,4.600,1057,1200,2.000,"S",6,,2
"LR",1986,107,1986-04-17,1,5.200,4.200,1215,1430,17.600,"NW ",5,2,5
"LR",1986,107,1986-04-17,2,5.000,4.000,927,1203,17.500,"W",3,1,3
"LR",1986,120,1986-04-30,1,,4.400,1053,1214,14.000,"SW ",5,3,99
"LR",1986,120,1986-04-30,2,,4.300,927,1037,14.000,"SW ",5,1,99
"LR",1986,133,1986-05-13,1,6.000,5.000,1204,1345,14.000,"W",2,2,99
"LR",1986,133,1986-05-13,2,4.600,4.500,949,1130,15.600,"W",2,2,99
"LR",1986,147,1986-05-27,1,7.600,6.900,1058,1240,,"NE ",10,5,1
"LR",1986,147,1986-05-27,2,4.700,5.000,1257,1354,,"W",6,3,9
"LR",1986,161,1986-06-10,1,7.800,6.000,1125,1300,21.000,"SE ",6,1,99
"LR",1986,161,1986-06-10,2,4.700,3.900,917,1110,21.000,"E",8,2,95
"LR",1986,174,1986-06-23,1,5.500,4.900,923,1100,22.500,"N",8,1,95
"LR",1986,174,1986-06-23,2,3.200,3.000,1119,1215,25.000,"W",10,2,70
"LR",1986,188,1986-07-07,1,4.000,4.000,1133,1250,26.800,"SW ",10,2,0
"LR",1986,188,1986-07-07,2,3.500,3.000,930,,24.200,"W",10,5,5
"LR",1986,202,1986-07-21,1,5.000,4.600,1000,1137,23.000,"S",13,2,80
"LR",1986,202,1986-07-21,2,4.400,4.000,1151,1248,22.000,"W",10,1,30
"LR",1986,216,1986-08-04,1,6.000,5.300,950,1202,26.000,"S",8,1,0
"LR",1986,216,1986-08-04,2,6.700,5.800,1203,1315,23.500,"W",10,2,5
"LR",1986,230,1986-08-18,1,6.900,5.900,1130,1245,23.000,"S",8,1,5
"LR",1986,230,1986-08-18,2,6.100,4.900,959,1109,,"E",10,2,5
"LR",1986,245,1986-09-02,1,7.200,6.300,930,1106,22.000,"S",8,2,90
"LR",1986,245,1986-09-02,2,5.700,4.900,1129,1228,22.000,"VAR",8,0,10
"LR",1986,258,1986-09-15,1,8.200,5.900,1109,1217,10.200,"NE ",10,3,99
"LR",1986,258,1986-09-15,2,5.200,4.800,942,1050,10.000,"E",6,0,99
"LR",1986,272,1986-09-29,1,7.400,5.500,913,,18.000,"S",8,1,99
"LR",1986,272,1986-09-29,2,5.600,4.300,1102,1157,19.000,"W",12,2,80
"LR",1986,286,1986-10-13,1,7.800,6.600,1003,1130,6.000,"NW ",8,0,99
"LR",1986,286,1986-10-13,2,5.800,4.400,1140,1220,6.000,"NW ",8,0,99
"LR",1986,300,1986-10-27,1,7.500,6.900,1100,,9.200,"SW ",8,1,50
"LR",1986,300,1986-10-27,2,6.000,4.800,930,,9.000,"W",10,1,99
"LR",1986,314,1986-11-10,1,,5.400,950,1120,-7.000,"S",10,3,99
"LR",1986,314,1986-11-10,2,5.000,4.400,1132,1225,-7.000,"W",10,1,99
"LR",1986,335,1986-12-01,1,,5.600,920,1100,1.000,"VAR",3,,80
"LR",1986,335,1986-12-01,2,,3.400,1108,1215,2.000,"SE ",6,,99
"LR",1987,22,1987-01-22,1,,3.400,1116,1235,-11.000,"NW ",18,,99
"LR",1987,22,1987-01-22,2,,4.000,939,1055,-12.000,"NW ",10,,99
"LR",1987,61,1987-03-02,1,,3.600,1135,1259,-1.000,"NW ",10,,5
"LR",1987,61,1987-03-02,2,,3.000,1000,1115,-3.000,"NW ",10,,95
"LR",1987,82,1987-03-23,1,,4.100,1004,1145,10.000,"NW ",13,,99
"LR",1987,82,1987-03-23,2,,4.300,1200,1301,,"SW ",10,,80
"LR",1987,104,1987-04-14,1,4.800,4.000,1114,1245,,"NE ",8,4,99
"LR",1987,104,1987-04-14,2,3.900,3.200,942,1102,7.500,"SE ",3,3,99
"LR",1987,117,1987-04-27,1,6.000,5.300,1050,1209,10.000,"ENE",,8,85
"LR",1987,117,1987-04-27,2,4.700,4.000,935,1039,11.000,"ENE",12,8,5
"LR",1987,131,1987-05-11,1,6.900,5.900,956,1200,,"N",8,6,40
"LR",1987,131,1987-05-11,2,5.100,4.200,1213,1320,,"N",11,8,30
"LR",1987,146,1987-05-26,1,7.300,6.600,1006,1157,,,,1,99
"LR",1987,146,1987-05-26,2,5.900,5.500,1208,1330,,"SW ",,1,90
"LR",1987,159,1987-06-08,1,4.700,3.700,934,1122,,"N",5,2,99
"LR",1987,159,1987-06-08,2,5.300,4.700,1133,1241,,"N",3,2,99
"LR",1987,175,1987-06-24,1,4.700,4.400,950,1129,,"NW ",5,2,50
"LR",1987,175,1987-06-24,2,5.000,4.400,1138,1252,,"NW ",5,1,50
"LR",1987,188,1987-07-07,1,,,934,1127,,"S",3,1,5
"LR",1987,188,1987-07-07,2,,,1140,1235,,"S",5,1,10
"LR",1987,201,1987-07-20,2,5.600,4.600,938,1047,,"S",4,1,50
"LR",1987,202,1987-07-21,1,6.400,6.000,1317,1439,,"S",8,3,20
"LR",1987,216,1987-08-04,1,5.800,4.900,1004,1143,,"N",4,3,99
"LR",1987,216,1987-08-04,2,6.000,4.600,1152,1250,,"N",5,4,97
"LR",1987,229,1987-08-17,1,6.800,5.200,1051,1151,,"S",5,2,30
"LR",1987,229,1987-08-17,2,5.300,4.600,957,1040,,"WNW",11,9,50
"LR",1987,243,1987-08-31,1,8.200,5.900,945,1125,,"N",14,5,80
"LR",1987,243,1987-08-31,2,5.500,4.200,1136,1229,,"W",20,8,80
"LR",1987,260,1987-09-17,1,5.600,4.900,931,1130,,"N",8,1,99
"LR",1987,260,1987-09-17,2,4.100,3.600,1138,1232,,"N",10,1,99
"LR",1987,271,1987-09-28,1,7.200,5.700,929,1155,,"S",13,5,50
"LR",1987,272,1987-09-29,2,5.100,3.900,1039,1155,,"NW ",13,4,99
"LR",1987,285,1987-10-12,1,7.800,5.900,1115,1310,,"SE ",2,1,0
"LR",1987,285,1987-10-12,2,6.200,4.600,915,1040,,"W",4,2,0
"LR",1987,300,1987-10-27,1,7.500,5.600,1115,1330,,"W",13,5,50
"LR",1987,300,1987-10-27,2,5.800,3.900,920,1035,,"NW ",10,6,80
"LR",1987,313,1987-11-09,1,6.800,5.300,940,1135,,"NW ",10,2,99
"LR",1987,313,1987-11-09,2,4.100,3.300,1200,1253,,"NW ",10,5,95
"LR",1987,344,1987-12-10,1,5.900,4.100,1145,1330,,"S",3,,80
"LR",1987,344,1987-12-10,2,5.300,4.800,1010,1120,,"WNW",1,,99
"LR",1988,21,1988-01-21,1,4.700,3.400,1015,1145,,"W",1,,95
"LR",1988,21,1988-01-21,2,3.400,2.900,1245,1345,,"W",1,,0
"LR",1988,67,1988-03-07,1,6.100,5.500,1150,1330,7.000,"S",8,,50
"LR",1988,67,1988-03-07,2,5.400,3.600,1000,1035,5.000,"SE ",8,,20
"LR",1988,82,1988-03-22,1,5.200,4.700,945,1215,2.000,"S",10,,80
"LR",1988,82,1988-03-22,2,5.100,4.100,1240,1410,4.000,"S",13,,10
"LR",1988,104,1988-04-13,1,4.400,3.500,939,1148,14.000,"S",5,2,99
"LR",1988,104,1988-04-13,2,6.100,5.400,1211,1420,13.000,"SW ",8,3,55
"LR",1988,118,1988-04-27,1,4.000,3.000,1057,1250,9.000,"N",6,4,99
"LR",1988,118,1988-04-27,2,4.600,4.000,914,1033,4.000,"NNE",4,3,98
"LR",1988,137,1988-05-16,1,5.400,4.400,930,1050,3.000,"N",10,4,99
"LR",1988,137,1988-05-16,2,3.900,3.500,1108,1211,6.000,"N",8,3,95
"LR",1988,152,1988-05-31,1,5.300,5.000,935,1150,26.000,"SW ",7,1,0
"LR",1988,152,1988-05-31,2,5.500,5.400,1210,1400,30.000,"SW ",5,2,8
"LR",1988,165,1988-06-13,1,3.400,2.200,934,1056,27.000,"SW ",5,1,20
"LR",1988,165,1988-06-13,2,5.400,3.800,1116,1213,27.000,"W",3,1,35
"LR",1988,179,1988-06-27,1,3.000,2.200,1021,1226,21.000,"W",3,2,90
"LR",1988,179,1988-06-27,2,5.200,4.200,852,1007,21.000,"NW ",2,1,99
"LR",1988,193,1988-07-11,1,4.300,3.500,1012,1125,23.000,"NE ",8,2,70
"LR",1988,193,1988-07-11,2,4.500,3.900,902,953,21.000,"NE ",15,2,65
"LR",1988,207,1988-07-25,1,4.800,3.700,1030,1140,,"N",13,5,70
"LR",1988,207,1988-07-25,2,3.600,3.100,905,1010,21.000,"W",4,2,5
"LR",1988,221,1988-08-08,1,5.100,4.400,1035,1150,22.000,"NE ",7,3,99
"LR",1988,221,1988-08-08,2,4.700,4.100,920,1020,22.000,"SE ",5,2,99
"LR",1988,236,1988-08-23,1,5.700,5.100,1025,1212,21.000,"SE ",8,3,10
"LR",1988,236,1988-08-23,2,5.000,4.200,905,1005,18.000,"NW ",5,2,0
"LR",1988,250,1988-09-06,1,6.500,6.200,924,1101,13.000,"S",6,2,30
"LR",1988,250,1988-09-06,2,5.100,4.000,1120,1215,14.000,"SW ",7,2,40
"LR",1988,264,1988-09-20,1,6.000,5.100,931,1105,11.000,"NW ",15,5,99
"LR",1988,264,1988-09-20,2,4.100,3.400,1124,1232,10.000,"N",20,10,99
"LR",1988,277,1988-10-03,1,4.400,3.900,1034,1150,,"S",4,3,99
"LR",1988,277,1988-10-03,2,5.100,4.100,932,1025,7.000,"SE ",5,2,99
"LR",1988,291,1988-10-17,1,5.100,4.700,909,1117,8.000,,0,0,99
"LR",1988,291,1988-10-17,2,6.100,6.000,1135,1252,7.000,"E",2,1,99
"LR",1988,315,1988-11-10,1,5.100,4.100,1103,1215,-1.000,"N",10,3,99
"LR",1988,315,1988-11-10,2,5.100,4.800,909,1013,1.000,"N",10,4,99
"LR",1988,341,1988-12-06,1,4.700,3.900,1010,1220,6.000,"S",8,,0
"LR",1988,341,1988-12-06,2,4.500,3.700,1245,1415,,"SW ",15,,0
"LR",1989,23,1989-01-23,1,4.700,4.100,915,1045,0.000,"E",3,,40
"LR",1989,23,1989-01-23,2,6.700,4.700,1115,1230,2.000,"E",3,,45
"LR",1989,58,1989-02-27,1,4.500,2.900,1215,1335,-6.000,"W",5,,60
"LR",1989,58,1989-02-27,2,6.000,5.500,1100,1210,-7.000,"W",3,,45
"LR",1989,89,1989-03-30,1,6.300,5.100,925,1035,-1.000,"NW ",7,,100
"LR",1989,89,1989-03-30,2,,6.200,1048,1135,,"NW ",8,,100
"LR",1989,114,1989-04-24,1,4.400,3.900,1011,1111,17.000,"S",3,1,10
"LR",1989,114,1989-04-24,2,4.700,4.900,1209,1318,24.000,"SE ",5,1,5
"LR",1989,129,1989-05-09,1,4.800,4.100,908,1030,12.000,"NW ",5,2,0
"LR",1989,129,1989-05-09,2,4.500,3.700,1124,1256,14.500,"NE ",6,2,0
"LR",1989,142,1989-05-22,1,4.500,3.600,1045,1211,24.000,"W",3,2,60
"LR",1989,142,1989-05-22,2,5.400,4.500,900,1000,22.000,"W",3,2,60
"LR",1989,156,1989-06-05,1,5.300,4.000,903,1035,17.500,"S",10,5,60
"LR",1989,156,1989-06-05,2,5.900,5.000,1145,1241,18.500,"S",8,3,20
"LR",1989,170,1989-06-19,1,7.000,5.600,1017,1136,26.500,,0,0,25
"LR",1989,170,1989-06-19,2,,6.500,845,938,23.000,,0,0,15
"LR",1989,186,1989-07-05,1,4.300,3.800,853,1005,27.000,,0,0,10
"LR",1989,186,1989-07-05,2,5.900,4.600,1045,1136,27.500,,0,0,20
"LR",1989,198,1989-07-17,1,5.100,4.700,1011,1121,23.000,,0,1,0
"LR",1989,198,1989-07-17,2,5.200,4.700,846,933,22.000,,0,1,0
"LR",1989,212,1989-07-31,1,5.900,4.900,958,1100,19.500,,0,0,98
"LR",1989,212,1989-07-31,2,5.900,5.000,836,925,19.500,"NW ",3,0,100
"LR",1989,226,1989-08-14,1,6.200,5.700,849,1000,19.500,,0,0,100
"LR",1989,226,1989-08-14,2,5.600,4.400,1032,1125,19.500,,0,0,100
"LR",1989,240,1989-08-28,1,4.800,3.500,850,1000,19.000,"SW ",3,3,100
"LR",1989,240,1989-08-28,2,5.000,3.400,1042,1132,19.500,"S",3,3,100
"LR",1989,254,1989-09-11,1,4.200,3.100,946,1104,16.000,"S",3,2,95
"LR",1989,254,1989-09-11,2,4.800,3.900,834,914,15.000,"SE ",3,1,100
"LR",1989,268,1989-09-25,1,5.300,3.900,1008,1125,14.000,"NW ",13,3,5
"LR",1989,268,1989-09-25,2,4.900,4.200,844,937,14.000,"NW ",10,4,5
"LR",1989,284,1989-10-11,1,7.000,5.600,1018,1151,12.000,"S",10,6,50
"LR",1989,284,1989-10-11,2,5.900,5.200,837,939,11.500,"S",10,2,1
"LR",1989,296,1989-10-23,1,8.300,7.900,1012,1119,14.500,"SW ",3,2,0
"LR",1989,296,1989-10-23,2,5.800,5.100,843,939,13.000,,0,0,0
"LR",1989,312,1989-11-08,1,6.100,4.300,850,957,7.500,"SW ",10,4,100
"LR",1989,312,1989-11-08,2,5.400,4.100,1029,1120,6.500,"SW ",3,1,100
"LR",1989,339,1989-12-05,1,5.300,4.000,943,1100,3.500,"S",8,,100
"LR",1989,339,1989-12-05,2,3.800,2.500,1118,1215,3.000,"SE ",5,,100
"LR",1990,22,1990-01-22,1,5.400,4.100,1135,1245,4.500,"NW ",10,,60
"LR",1990,22,1990-01-22,2,5.300,3.800,945,1105,0.000,"NW ",15,,95
"LR",1990,57,1990-02-26,1,4.300,2.800,1030,1225,-2.000,"SW ",23,,35
"LR",1990,57,1990-02-26,2,4.800,3.700,1235,1352,-1.000,"W",9,,
"LR",1990,85,1990-03-26,1,4.200,4.000,1035,1130,-3.500,"SSW",8,,2
"LR",1990,85,1990-03-26,2,5.500,4.800,925,1030,-4.000,"WNW",10,,5
"LR",1990,106,1990-04-16,1,3.900,3.000,904,1040,3.000,"W",4,2,100
"LR",1990,106,1990-04-16,2,5.800,4.000,1104,1215,1.500,"W",8,2,100
"LR",1990,127,1990-05-07,1,5.300,4.600,1032,1147,23.000,"SW ",7,2,5
"LR",1990,127,1990-05-07,2,5.300,4.300,849,955,19.000,"W",10,4,90
"LR",1990,141,1990-05-21,1,3.800,3.400,1019,1138,16.000,"N",9,3,35
"LR",1990,141,1990-05-21,2,5.800,5.300,853,956,15.000,"NE ",5,1,60
"LR",1990,155,1990-06-04,1,5.400,4.600,1011,1125,17.500,"W",13,3,30
"LR",1990,155,1990-06-04,2,5.500,4.200,844,944,14.000,"W",13,4,15
"LR",1990,169,1990-06-18,1,4.400,3.900,850,1007,16.000,"W",18,2,100
"LR",1990,169,1990-06-18,2,4.600,4.000,1032,1122,15.000,"W",20,4,100
"LR",1990,183,1990-07-02,1,2.400,2.200,1033,1204,28.000,"SW ",13,3,25
"LR",1990,183,1990-07-02,2,3.400,3.200,843,1003,24.000,"W",13,2,0
"LR",1990,197,1990-07-16,1,4.000,3.300,846,955,23.000,"E",8,2,90
"LR",1990,197,1990-07-16,2,3.200,2.700,1025,1115,26.000,"S",13,3,70
"LR",1990,211,1990-07-30,1,2.900,2.500,853,1013,20.000,"NW ",18,4,75
"LR",1990,211,1990-07-30,2,3.600,3.100,1043,1138,21.500,"NW ",18,4,70
"LR",1990,225,1990-08-13,1,7.300,7.000,1025,1128,25.000,"W",8,1,35
"LR",1990,225,1990-08-13,2,4.800,4.200,855,955,19.000,"W",3,1,15
"LR",1990,239,1990-08-27,1,4.900,4.700,1028,1151,24.000,"NE ",8,1,100
"LR",1990,239,1990-08-27,2,4.800,4.400,847,1000,23.500,"NE ",8,2,100
"LR",1990,253,1990-09-10,1,8.100,8.000,847,1006,18.000,"NW ",8,3,10
"LR",1990,253,1990-09-10,2,5.300,4.900,1039,1129,17.000,"NW ",13,2,50
"LR",1990,267,1990-09-24,1,7.400,7.200,920,1055,17.000,"S",13,3,15
"LR",1990,267,1990-09-24,2,5.100,4.400,1115,1215,20.500,"SW ",13,2,40
"LR",1990,281,1990-10-08,1,7.800,7.800,846,1035,5.500,"NW ",3,0,100
"LR",1990,281,1990-10-08,2,6.000,5.500,1102,1201,7.000,"N",3,1,100
"LR",1990,295,1990-10-22,1,6.500,5.600,1050,1213,10.000,"S",8,2,40
"LR",1990,295,1990-10-22,2,6.500,6.400,855,1014,8.000,"W",3,1,70
"LR",1990,311,1990-11-07,1,4.600,4.300,900,1030,,"NW ",8,2,100
"LR",1990,311,1990-11-07,2,5.900,4.800,1110,1220,,"NW ",13,4,80
"LR",1990,354,1990-12-20,1,4.800,4.100,1130,1300,1.000,"SW ",5,,100
"LR",1990,354,1990-12-20,2,4.000,3.100,1005,1117,0.500,"E",7,,100
"LR",1991,49,1991-02-18,1,5.100,3.900,1118,1233,1.000,"SE ",5,,100
"LR",1991,49,1991-02-18,2,5.900,3.800,1005,1105,-1.500,"SE ",5,,100
"LR",1991,86,1991-03-27,1,4.400,3.700,1125,1315,3.000,"N",15,,100
"LR",1991,86,1991-03-27,2,5.500,4.700,925,1115,4.000,"W",10,,100
"LR",1991,115,1991-04-25,1,4.800,4.300,1145,1256,17.000,"S",10,2,20
"LR",1991,115,1991-04-25,2,4.400,4.400,1323,1416,18.000,"S",5,1,30
"LR",1991,133,1991-05-13,1,5.200,5.000,845,1109,26.000,"S",3,1,80
"LR",1991,133,1991-05-13,2,5.300,4.600,1133,1249,27.000,"SW ",8,2,45
"LR",1991,148,1991-05-28,1,3.100,3.000,1045,1200,27.000,"S",2,1,100
"LR",1991,148,1991-05-28,2,6.400,4.800,854,1019,30.000,"SE ",3,1,80
"LR",1991,161,1991-06-10,1,2.800,2.500,1134,1322,29.000,"NW ",10,5,65
"LR",1991,161,1991-06-10,2,6.100,5.200,904,1107,23.000,"W",8,4,50
"LR",1991,175,1991-06-24,1,4.100,3.700,847,1025,24.000,"S",3,3,70
"LR",1991,175,1991-06-24,2,3.500,3.200,1106,1200,26.000,"S",3,1,80
"LR",1991,189,1991-07-08,1,5.800,4.800,1014,1123,19.000,"N",5,1,80
"LR",1991,189,1991-07-08,2,5.600,4.600,847,955,19.000,"NE ",8,2,90
"LR",1991,203,1991-07-22,1,6.600,5.100,835,940,24.000,"S",8,4,100
"LR",1991,203,1991-07-22,2,5.200,4.400,1003,1046,25.000,"W",8,2,95
"LR",1991,217,1991-08-05,1,7.900,7.500,945,1051,21.000,"S",3,1,0
"LR",1991,217,1991-08-05,2,6.100,5.700,826,922,19.000,"SW ",3,1,10
"LR",1991,231,1991-08-19,1,7.300,6.700,947,1055,17.000,"NE ",12,4,10
"LR",1991,231,1991-08-19,2,6.100,5.800,839,927,16.000,"NE ",12,3,10
"LR",1991,247,1991-09-04,1,8.100,7.300,1030,1206,22.000,"S",7,1,0
"LR",1991,247,1991-09-04,2,6.100,5.500,844,1004,19.000,"W",2,2,0
"LR",1991,259,1991-09-16,1,6.100,5.400,846,1003,16.000,"S",18,4,95
"LR",1991,259,1991-09-16,2,5.100,4.200,1022,1103,13.000,"W",18,4,100
"LR",1991,273,1991-09-30,1,5.400,4.500,830,948,15.000,"NW ",10,4,75
"LR",1991,273,1991-09-30,2,4.900,4.300,1012,1057,16.000,"W",15,7,40
"LR",1991,287,1991-10-14,1,5.100,4.200,853,1009,7.000,"SW ",2,2,100
"LR",1991,287,1991-10-14,2,5.400,4.600,1028,1108,7.000,"W",8,6,100
"LR",1991,303,1991-10-30,1,4.500,3.400,839,955,2.000,"N",8,4,95
"LR",1991,303,1991-10-30,2,5.000,4.100,1015,1056,2.000,"N",8,4,100
"LR",1991,345,1991-12-11,1,3.500,2.400,930,1115,3.000,"S",3,,0
"LR",1991,345,1991-12-11,2,4.200,3.200,1135,1235,5.000,"SW ",3,,0
"LR",1992,16,1992-01-16,1,,2.800,1242,1425,,"W",2,,100
"LR",1992,16,1992-01-16,2,,3.700,1050,1215,,"N",2,,100
"LR",1992,65,1992-03-05,1,3.100,3.100,1045,,5.000,,0,,100
"LR",1992,65,1992-03-05,2,4.700,4.100,1250,,4.000,"E",4,,100
"LR",1992,84,1992-03-24,1,3.200,3.000,1045,1235,11.000,,0,,0
"LR",1992,84,1992-03-24,2,5.200,4.900,1250,1355,13.000,,0,,0
"LR",1992,133,1992-05-12,1,4.300,4.300,1500,1630,25.500,"N",2,2,75
"LR",1992,133,1992-05-12,2,4.700,5.200,1235,1430,26.000,"N",4,4,45
"LR",1992,147,1992-05-26,1,5.800,5.700,1320,1440,21.000,"N",4,7,5
"LR",1992,147,1992-05-26,2,6.600,5.100,1133,1225,21.000,"N",2,2,0
"LR",1992,160,1992-06-08,1,7.300,6.900,900,1045,20.000,"NW ",2,1,25
"LR",1992,160,1992-06-08,2,5.300,5.000,1127,1228,21.000,"NW ",1,0,10
"LR",1992,174,1992-06-22,1,3.500,3.000,855,1005,17.000,"SW ",2,2,45
"LR",1992,174,1992-06-22,2,5.700,5.000,1050,1131,18.000,"SW ",4,2,50
"LR",1992,191,1992-07-09,1,4.800,4.000,910,1100,23.000,"SSW",2,0,10
"LR",1992,191,1992-07-09,2,4.100,3.800,1115,1211,22.000,"SW ",3,2,50
"LR",1992,202,1992-07-20,1,4.200,3.800,1115,1224,13.000,"N",4,4,100
"LR",1992,202,1992-07-20,2,3.800,3.600,1007,1052,13.000,"N",4,3,100
"LR",1992,217,1992-08-04,1,4.500,3.800,1220,1352,27.000,"N",1,1,10
"LR",1992,217,1992-08-04,2,3.300,2.600,1030,1150,22.000,"N",6,1,0
"LR",1992,230,1992-08-17,1,2.400,2.100,1210,1308,24.000,"W",8,5,60
"LR",1992,230,1992-08-17,2,3.200,2.500,950,1040,22.000,"NW ",3,0,45
"LR",1992,254,1992-09-10,1,3.600,3.000,1145,1331,13.800,"NE ",8,3,95
"LR",1992,254,1992-09-10,2,4.300,3.300,932,1106,13.500,"W",13,3,95
"LR",1992,272,1992-09-28,1,4.000,3.300,955,1151,8.500,"N",18,10,95
"LR",1992,272,1992-09-28,2,4.600,4.600,1305,1403,10.500,"N",15,10,45
"LR",1992,286,1992-10-12,1,4.300,4.200,940,1117,9.500,"N",17,10,10
"LR",1992,286,1992-10-12,2,5.300,4.500,1147,1250,10.000,"NW ",18,10,15
"LR",1992,300,1992-10-26,1,5.500,4.700,944,1128,11.500,"NW ",5,3,55
"LR",1992,300,1992-10-26,2,4.400,4.000,1200,1306,9.000,"NW ",5,5,5
"LR",1992,343,1992-12-08,1,5.700,5.000,1110,1250,-2.000,"S",5,,25
"LR",1992,343,1992-12-08,2,4.200,3.300,1315,1412,-2.000,"S",3,,0
"LR",1993,11,1993-01-11,1,6.400,4.500,1100,1300,-3.500,"S",8,,85
"LR",1993,11,1993-01-11,2,5.500,4.000,1315,,-4.000,"S",5,,95
"LR",1993,67,1993-03-08,1,4.000,3.100,1045,1215,0.000,"N",3,,100
"LR",1993,67,1993-03-08,2,5.000,3.900,1250,1400,1.000,"W",3,,100
"LR",1993,88,1993-03-29,1,4.600,3.900,1130,1300,18.000,"NE ",5,,20
"LR",1993,88,1993-03-29,2,5.700,4.700,1310,1405,20.000,"NE ",2,,15
"LR",1993,126,1993-05-06,1,,4.700,1145,1345,,"W",2,5,35
"LR",1993,126,1993-05-06,2,5.000,4.500,956,1053,23.000,"W",10,7,10
"LR",1993,144,1993-05-24,1,5.900,4.200,1300,1515,8.500,"NW ",15,10,100
"LR",1993,144,1993-05-24,2,5.500,4.800,1000,1140,9.500,"W",15,15,100
"LR",1993,158,1993-06-07,1,5.600,4.800,1030,1215,16.000,"NE ",10,5,100
"LR",1993,158,1993-06-07,2,5.600,4.800,1245,1400,18.000,"NE ",10,5,100
"LR",1993,172,1993-06-21,1,5.200,3.800,1000,1220,26.000,"ESE",2,1,0
"LR",1993,172,1993-06-21,2,3.600,2.900,1305,1409,29.500,"NE ",5,3,0
"LR",1993,186,1993-07-05,1,4.900,4.100,1340,1530,28.000,"SW ",8,10,95
"LR",1993,186,1993-07-05,2,4.100,4.000,1145,1315,27.000,"SE ",5,2,100
"LR",1993,200,1993-07-19,1,6.000,5.400,1145,1345,29.400,"NW ",5,3,30
"LR",1993,200,1993-07-19,2,5.400,4.500,955,1110,30.400,"NW ",10,6,20
"LR",1993,214,1993-08-02,1,6.600,5.600,1403,1640,21.800,"NW ",6,3,95
"LR",1993,214,1993-08-02,2,4.500,3.500,1010,1210,19.100,"W",4,4,80
"LR",1993,228,1993-08-16,1,6.600,,1203,1407,27.400,"W",3,0,100
"LR",1993,228,1993-08-16,2,5.500,4.000,950,1115,26.500,"W",5,3,98
"LR",1993,242,1993-08-30,1,4.800,4.500,907,1110,21.700,"SW ",3,3,100
"LR",1993,242,1993-08-30,2,6.000,2.800,1314,1439,24.000,"SW ",3,4,100
"LR",1993,257,1993-09-14,1,5.100,4.500,1253,1503,9.500,"NW ",5,2,100
"LR",1993,257,1993-09-14,2,6.000,5.700,850,1105,10.700,"NW ",5,1,100
"LR",1993,270,1993-09-27,1,4.600,4.100,928,1138,6.900,"NW ",5,5,98
"LR",1993,270,1993-09-27,2,5.100,4.300,1518,1746,5.500,"NW ",5,2,100
"LR",1993,284,1993-10-11,1,7.300,6.000,1234,1347,15.000,"W",5,5,15
"LR",1993,284,1993-10-11,2,6.100,5.800,903,1020,11.000,"W",5,5,5
"LR",1993,298,1993-10-25,1,6.900,4.600,900,1125,10.000,"SW ",15,5,100
"LR",1993,298,1993-10-25,2,6.750,5.400,1400,1504,16.000,"SW ",3,1,100
"LR",1994,24,1994-01-24,1,,4.100,1025,1152,-4.000,"N",5,,30
"LR",1994,26,1994-01-26,2,,5.100,1137,1310,-8.000,"E",2,,4
"LR",1994,59,1994-02-28,1,,3.800,1055,,0.000,,0,,98
"LR",1994,59,1994-02-28,2,,4.800,920,1045,-3.000,"N",2,,100
"LR",1994,90,1994-03-31,1,,2.300,930,1040,6.000,"S",5,,10
"LR",1994,90,1994-03-31,2,,4.400,1105,1215,8.000,"S",5,,5
"LR",1994,129,1994-05-09,1,6.400,4.700,1140,,15.000,"W",15,10,60
"LR",1994,129,1994-05-09,2,5.800,4.200,1010,1120,14.000,"W",15,10,50
"LR",1994,143,1994-05-23,1,5.900,5.500,1048,1152,34.000,"S",1,0,60
"LR",1994,143,1994-05-23,2,6.100,5.700,910,1028,26.000,"E",2,0,30
"LR",1994,158,1994-06-07,1,6.100,4.600,854,1115,16.000,"NE",13,3,100
"LR",1994,158,1994-06-07,2,5.700,4.700,1155,1335,18.000,"NE",13,3,95
"LR",1994,171,1994-06-20,1,4.200,3.300,919,1144,26.500,"S",8,3,100
"LR",1994,171,1994-06-20,2,5.800,4.300,1220,1333,28.500,"W",8,4,100
"LR",1994,187,1994-07-06,1,4.700,4.600,1100,1225,24.000,"N",1,0,80
"LR",1994,187,1994-07-06,2,5.000,4.800,912,1035,24.000,"VAR",1,0,70
"LR",1994,199,1994-07-18,1,4.900,3.900,1057,1225,27.000,"W",4,1,85
"LR",1994,199,1994-07-18,2,5.800,5.600,909,1025,23.000,"W",8,4,15
"LR",1994,213,1994-08-01,1,4.700,4.200,858,1039,24.000,"N",6,4,80
"LR",1994,213,1994-08-01,2,4.500,3.900,1110,1230,25.000,"N",4,1,50
"LR",1994,228,1994-08-16,1,5.500,4.500,902,1015,20.000,"SW",9,4,0
"LR",1994,228,1994-08-16,2,4.000,3.800,1050,1136,21.000,"W",9,5,5
"LR",1994,241,1994-08-29,1,,,1139,1300,30.000,"W",2,2,10
"LR",1994,241,1994-08-29,2,,,1000,1120,19.000,"W",2,2,5
"LR",1994,256,1994-09-13,1,4.900,4.600,1107,1315,,,0,0,100
"LR",1994,257,1994-09-14,2,6.100,5.900,905,1006,20.500,,0,0,100
"LR",1994,269,1994-09-26,1,3.400,2.700,1130,1315,10.000,"N",10,5,100
"LR",1994,269,1994-09-26,2,3.800,2.900,920,1100,9.000,"NE",10,5,100
"LR",1994,283,1994-10-10,1,3.100,2.900,1045,1145,9.000,"S",5,2,0
"LR",1994,283,1994-10-10,2,5.000,4.500,920,1015,8.000,"W",3,0,0
"LR",1994,297,1994-10-24,1,3.200,2.600,1135,1310,6.000,"NW",8,5,95
"LR",1994,297,1994-10-24,2,5.500,3.900,910,1105,5.000,"W",10,8,75
"LR",1995,16,1995-01-16,1,,4.000,1015,1230,-1.000,"E",5,,100
"LR",1995,16,1995-01-16,2,,4.200,1240,1410,-3.000,"SE",8,,100
"LR",1995,53,1995-02-22,1,,4.000,950,1135,3.000,,0,,100
"LR",1995,53,1995-02-22,2,,3.700,1147,1250,1.000,"S",3,,100
"LR",1995,81,1995-03-22,1,,6.300,1040,1210,4.000,"N",10,,80
"LR",1995,81,1995-03-22,2,,6.000,1215,1320,4.000,"N",10,,20
"LR",1995,128,1995-05-08,1,5.000,4.800,930,1050,13.000,"N",13,8,100
"LR",1995,128,1995-05-08,2,5.500,5.000,1130,1218,13.000,"SE",15,8,100
"LR",1995,142,1995-05-22,1,4.900,4.400,910,1130,12.000,,0,1,100
"LR",1995,142,1995-05-22,2,5.800,5.700,1210,1330,16.000,,0,1,100
"LR",1995,156,1995-06-05,1,4.400,4.000,924,1128,29.000,"S",7,2,99
"LR",1995,156,1995-06-05,2,4.500,4.300,1156,1325,30.000,"NW",8,3,99
"LR",1995,170,1995-06-19,1,5.500,5.200,919,1050,33.000,"S",3,1,0
"LR",1995,170,1995-06-19,2,5.700,4.500,1135,1247,35.000,"SW",1,1,0
"LR",1995,186,1995-07-05,1,4.600,3.900,909,1106,20.000,"S",8,3,100
"LR",1995,186,1995-07-05,2,5.100,3.500,1143,1254,23.000,"SE",5,1,100
"LR",1995,198,1995-07-17,1,4.600,3.800,856,1037,20.000,"NW",5,0,100
"LR",1995,198,1995-07-17,2,4.000,3.600,1250,1346,20.000,"W",7,3,100
"LR",1995,212,1995-07-31,1,5.100,4.900,924,1057,28.000,"SW",5,1,50
"LR",1995,212,1995-07-31,2,4.700,4.400,1127,1232,28.000,"W",9,7,100
"LR",1995,226,1995-08-14,1,4.500,4.300,850,1003,26.000,"W",6,1,70
"LR",1995,226,1995-08-14,2,4.200,4.200,1031,1126,27.000,"W",6,4,20
"LR",1995,240,1995-08-28,1,5.800,5.300,840,953,22.000,"SW",8,5,100
"LR",1995,240,1995-08-28,2,3.800,3.700,1040,1141,25.000,"W",6,4,60
"LR",1995,254,1995-09-11,1,7.000,6.900,846,1005,15.000,"S",4,3,10
"LR",1995,254,1995-09-11,2,5.500,5.300,1038,1128,19.000,"SW",8,5,15
"LR",1995,269,1995-09-26,1,5.900,6.100,819,950,15.000,,0,0,1
"LR",1995,269,1995-09-26,2,6.300,6.300,1019,1116,18.000,"SW",5,3,20
"LR",1995,282,1995-10-09,1,5.700,4.700,910,1030,12.000,"S",3,3,100
"LR",1995,282,1995-10-09,2,6.600,6.400,1057,1150,11.500,"S",3,0,100
"LR",1995,296,1995-10-23,1,5.500,4.700,847,1012,4.000,"NE",5,1,100
"LR",1995,296,1995-10-23,2,6.400,5.200,943,1143,4.000,"NE",5,1,100
"LR",1995,310,1995-11-06,1,5.700,4.900,911,1046,4.000,"S",10,3,100
"LR",1995,310,1995-11-06,2,,6.500,1105,1200,4.000,"S",5,0,100
"LR",1996,39,1996-02-08,1,,3.400,1200,1320,5.000,"NW",3,,4
"LR",1996,39,1996-02-08,2,,4.400,1027,1149,4.000,,0,,2
"LR",1996,57,1996-02-26,1,,3.600,100,,-6.000,"NE",10,,100
"LR",1996,57,1996-02-26,2,,3.900,100,,-7.000,"NE",10,,100
"LR",1996,94,1996-04-03,1,,4.100,1130,1315,3.000,"E",8,,100
"LR",1996,94,1996-04-03,2,,3.800,1015,1125,0.000,"E",5,,100
"LR",1996,130,1996-05-09,1,4.000,3.700,1140,1340,20.000,,0,0,100
"LR",1996,130,1996-05-09,2,4.600,4.200,1400,1500,20.000,,0,0,100
"LR",1996,155,1996-06-03,1,2.800,3.000,1320,1520,16.000,"NW",5,6,100
"LR",1996,155,1996-06-03,2,4.300,4.400,915,1109,15.000,"W",2,1,100
"LR",1996,170,1996-06-18,1,4.700,4.500,910,1110,17.000,"NW",10,7,100
"LR",1996,170,1996-06-18,2,5.200,5.900,1207,1340,17.000,"SW",11,5,100
"LR",1996,183,1996-07-01,1,4.900,5.000,1018,1210,27.000,"NW",3,2,99
"LR",1996,183,1996-07-01,2,4.800,4.600,1305,1420,26.000,"NW",2,3,90
"LR",1996,197,1996-07-15,1,5.700,5.800,1015,1255,25.000,"W",6,4,50
"LR",1996,197,1996-07-15,2,4.500,4.600,1335,1515,25.000,"N",7,7,45
"LR",1996,211,1996-07-29,1,5.600,4.900,1200,1345,16.000,"W",4,7,100
"LR",1996,211,1996-07-29,2,5.500,5.300,940,1115,17.000,"W",2,1,100
"LR",1996,225,1996-08-12,1,5.100,4.700,1215,1430,27.000,"NW",2,2,65
"LR",1996,225,1996-08-12,2,5.800,4.800,955,1140,25.000,"W",13,12,80
"LR",1996,239,1996-08-26,1,5.800,5.300,1005,1250,22.000,"NE",7,2,40
"LR",1996,239,1996-08-26,2,5.300,5.000,1316,1450,22.000,"N",11,3,50
"LR",1996,253,1996-09-09,1,6.000,6.200,1054,1245,24.000,"N",2,2,40
"LR",1996,253,1996-09-09,2,5.400,5.100,900,1035,23.000,"N",4,2,50
"LR",1996,267,1996-09-23,1,5.800,4.700,900,1032,13.000,"NE",2,1,100
"LR",1996,267,1996-09-23,2,4.900,4.300,1105,1215,13.500,"NE",2,0,100
"LR",1996,281,1996-10-07,1,4.400,3.900,945,1155,7.000,"NE",13,10,100
"LR",1996,281,1996-10-07,2,4.700,4.000,1215,1320,8.000,"N",8,6,95
"LR",1996,295,1996-10-21,1,4.800,4.000,915,1030,9.000,"S",2,1,100
"LR",1996,295,1996-10-21,2,4.300,4.100,1050,1145,9.000,"S",3,1,100
"LR",1996,313,1996-11-08,1,4.700,4.300,1125,1300,0.000,"W",6,2,100
"LR",1996,313,1996-11-08,2,3.900,3.500,915,1040,-0.500,"W",6,2,100
"LR",1997,29,1997-01-29,1,,2.900,1240,1425,,"S",2,,0
"LR",1997,29,1997-01-29,2,,3.300,1115,1225,-15.000,,0,,100
"LR",1997,56,1997-02-25,1,,2.700,1025,1200,1.000,"S",20,,15
"LR",1997,56,1997-02-25,2,,3.500,1210,1340,3.000,"S",6,,3
"LR",1997,132,1997-05-12,1,3.100,2.900,1013,1140,2.000,"N",10,3,100
"LR",1997,132,1997-05-12,2,3.600,3.100,1210,1315,2.000,"N",10,3,100
"LR",1997,147,1997-05-27,1,4.200,3.900,1005,1125,20.000,"S",6,1,5
"LR",1997,147,1997-05-27,2,3.400,3.900,1155,1250,21.000,"NNE",5,1,5
"LR",1997,160,1997-06-09,1,5.200,4.900,1120,1245,30.500,"NE",3,1,10
"LR",1997,160,1997-06-09,2,4.700,4.500,915,1045,26.000,"NE",1,0,0
"LR",1997,175,1997-06-24,1,3.900,3.300,1305,1430,27.500,"S",3,0,100
"LR",1997,175,1997-06-24,2,6.000,5.300,1125,1240,28.500,"SW",5,1,90
"LR",1997,188,1997-07-07,1,5.500,5.500,910,1120,19.000,"W",5,2,35
"LR",1997,188,1997-07-07,2,5.600,4.900,1205,1315,22.000,"W",1,1,90
"LR",1997,202,1997-07-21,1,5.100,4.300,915,1015,21.000,"N",8,3,100
"LR",1997,202,1997-07-21,2,5.500,4.500,1035,1123,23.500,"N",8,3,75
"LR",1997,216,1997-08-04,1,6.000,5.000,911,1040,21.500,"NW",18,6,80
"LR",1997,216,1997-08-04,2,6.000,4.400,1115,1213,22.500,"N",10,2,80
"LR",1997,230,1997-08-18,1,,6.500,1030,1123,22.000,"E",10,1,50
"LR",1997,230,1997-08-18,2,5.100,5.000,855,1005,16.000,"SE",5,1,15
"LR",1997,245,1997-09-02,1,4.600,4.500,1155,1255,17.000,"N",8,2,60
"LR",1997,245,1997-09-02,2,5.200,4.800,1013,1120,18.000,"NNE",4,1,50
"LR",1997,258,1997-09-15,1,5.000,4.000,1032,1145,23.000,"NE",2,0,95
"LR",1997,258,1997-09-15,2,3.900,3.600,1224,1311,24.000,"NE",2,0,95
"LR",1997,272,1997-09-29,1,5.400,3.800,952,1119,12.000,"W",13,3,100
"LR",1997,272,1997-09-29,2,3.400,2.600,756,917,14.000,"W",13,9,100
"LR",1997,286,1997-10-13,1,5.700,3.600,906,1016,11.000,"S",13,6,100
"LR",1997,286,1997-10-13,2,3.400,2.200,1119,1203,,"S",13,6,100
"LR",1997,300,1997-10-27,1,4.600,3.600,945,1053,1.000,"SW",8,2,60
"LR",1997,300,1997-10-27,2,3.500,3.100,1128,1230,3.000,"SW",3,2,5
"LR",1998,21,1998-01-21,1,,3.400,1055,1215,-5.000,"N",10,,100
"LR",1998,21,1998-01-21,2,,3.100,1235,1340,-5.000,"E",4,,100
"LR",1998,56,1998-02-25,1,,3.900,1050,1200,12.000,,0,,60
"LR",1998,56,1998-02-25,2,,2.900,1210,1310,12.000,"E",8,,50
"LR",1998,76,1998-03-17,1,,3.100,1113,1215,2.000,"E",5,,100
"LR",1998,76,1998-03-17,2,,2.100,950,1100,1.500,"E",5,,100
"LR",1998,117,1998-04-27,1,2.700,2.400,1155,1302,12.000,"N",8,5,0
"LR",1998,117,1998-04-27,2,3.000,3.100,955,1115,10.000,"E",5,3,0
"LR",1998,131,1998-05-11,1,2.600,2.600,1151,1247,23.000,"SE",2,2,2
"LR",1998,131,1998-05-11,2,3.300,3.300,1016,1117,25.000,"E",2,2,2
"LR",1998,146,1998-05-26,1,3.400,3.200,1000,1150,21.000,"W",9,0,0
"LR",1998,146,1998-05-26,2,2.700,2.500,1300,1410,27.000,"NW",6,3,65
"LR",1998,159,1998-06-08,1,2.700,2.400,1107,1220,19.000,"WNW",4,1,90
"LR",1998,159,1998-06-08,2,2.300,2.300,935,1042,19.000,"WNW",4,1,50
"LR",1998,173,1998-06-22,1,3.600,2.700,906,1040,24.000,"S",8,4,60
"LR",1998,173,1998-06-22,2,2.800,2.500,1105,1210,25.000,"W",8,4,60
"LR",1998,187,1998-07-06,1,2.900,2.800,900,1000,18.000,"NE",4,2,100
"LR",1998,187,1998-07-06,2,2.800,2.800,1020,1110,17.000,"NE",4,2,100
"LR",1998,201,1998-07-20,1,3.100,3.300,910,1035,27.000,"S",3,1,35
"LR",1998,201,1998-07-20,2,2.700,3.100,1055,1200,30.000,"SW",3,1,25
"LR",1998,215,1998-08-03,1,2.800,2.500,1030,1135,22.000,"E",1,1,100
"LR",1998,215,1998-08-03,2,3.700,3.400,925,1010,21.000,"E",1,1,100
"LR",1998,229,1998-08-17,1,3.100,3.100,1150,1320,18.500,"N",10,4,100
"LR",1998,229,1998-08-17,2,4.100,3.700,935,1050,22.000,"W",2,1,100
"LR",1998,243,1998-08-31,1,3.000,3.000,1230,1355,26.000,,0,0,45
"LR",1998,243,1998-08-31,2,3.500,3.800,941,1147,22.500,"NW",3,1,40
"LR",1998,257,1998-09-14,1,3.500,2.900,930,1050,23.000,"S",3,2,90
"LR",1998,257,1998-09-14,2,3.000,2.900,1120,1230,23.000,"VAR",3,0,100
"LR",1998,271,1998-09-28,1,3.400,3.100,915,1020,15.000,"VAR",3,1,0
"LR",1998,271,1998-09-28,2,3.300,3.200,1045,1140,17.000,"VAR",3,2,0
"LR",1998,285,1998-10-12,1,3.400,3.000,1020,1125,8.000,"W",5,5,100
"LR",1998,285,1998-10-12,2,3.300,2.600,855,955,7.000,"W",5,5,100
"LR",1998,299,1998-10-26,1,3.400,3.000,910,1005,11.000,"VAR",3,0,100
"LR",1998,299,1998-10-26,2,3.300,3.000,1030,1110,12.000,"VAR",3,0,100
"LR",1998,307,1998-11-03,1,3.400,2.400,1300,1410,4.000,"N",3,2,100
"LR",1998,307,1998-11-03,2,4.100,3.900,930,1040,2.000,"SE",5,2,75
"LR",1999,25,1999-01-25,1,,2.200,1153,1300,-5.000,"S  ",3,,5
"LR",1999,25,1999-01-25,2,,2.100,1315,1405,-7.000,"S  ",3,,50
"LR",1999,60,1999-03-01,1,,2.500,1210,1310,3.800,,0,,50
"LR",1999,60,1999-03-01,2,,2.300,1105,1205,1.400,,0,,50
"LR",1999,81,1999-03-22,1,,2.500,1100,1200,2.000,"N  ",5,,10
"LR",1999,81,1999-03-22,2,,2.400,1203,1243,5.000,"N  ",5,,5
"LR",1999,131,1999-05-11,1,3.200,2.300,911,1134,22.400,"S  ",8,2,90
"LR",1999,131,1999-05-11,2,2.600,2.200,1209,1525,18.100,"S  ",8,2,90
"LR",1999,144,1999-05-24,1,3.600,3.500,1325,1447,10.900,"N  ",23,8,100
"LR",1999,144,1999-05-24,2,2.800,2.700,1027,1140,14.000,"N  ",23,8,95
"LR",1999,158,1999-06-07,1,3.800,3.300,1126,1307,25.800,"N  ",8,4,75
"LR",1999,158,1999-06-07,2,3.000,2.900,926,1111,26.200,"E  ",8,2,50
"LR",1999,172,1999-06-21,1,4.900,4.800,1122,1238,22.800,"N  ",8,6,30
"LR",1999,172,1999-06-21,2,3.300,3.300,931,1105,23.100,"E  ",3,3,5
"LR",1999,188,1999-07-07,1,3.700,3.500,1156,1351,23.100,"E  ",13,4,10
"LR",1999,188,1999-07-07,2,3.700,3.700,1011,1143,22.400,"E  ",18,6,10
"LR",1999,200,1999-07-19,1,3.100,3.100,1044,1145,25.300,"N  ",3,2,40
"LR",1999,200,1999-07-19,2,3.700,3.600,943,1032,23.400,"E  ",3,2,75
"LR",1999,214,1999-08-02,1,4.300,4.100,1029,1304,18.300,"S  ",10,4,65
"LR",1999,214,1999-08-02,2,3.100,2.900,1318,1438,19.100,"E  ",8,3,30
"LR",1999,225,1999-08-13,1,3.200,3.200,1136,1231,13.300,"N  ",18,8,100
"LR",1999,225,1999-08-13,2,2.900,2.800,958,1050,13.700,"NW ",18,5,100
"LR",1999,242,1999-08-30,1,4.000,4.000,956,1146,17.100,"W  ",13,4,50
"LR",1999,242,1999-08-30,2,4.300,4.200,1201,1322,17.800,"NW ",13,3,65
"LR",1999,256,1999-09-13,1,4.100,3.800,1049,1142,11.400,"NW ",18,4,100
"LR",1999,256,1999-09-13,2,2.900,2.900,946,1036,11.600,"N  ",18,4,100
"LR",1999,270,1999-09-27,1,4.600,4.500,951,1126,12.100,"W  ",8,1,95
"LR",1999,270,1999-09-27,2,3.000,3.000,1138,1239,13.900,"NW ",8,3,60
"LR",1999,284,1999-10-11,1,5.200,5.100,1012,1120,12.100,,0,0,25
"LR",1999,284,1999-10-11,2,4.400,4.400,1131,1208,12.600,"N  ",3,1,25
"LR",1999,298,1999-10-25,1,5.100,4.800,1141,1320,10.600,"N  ",13,3,50
"LR",1999,298,1999-10-25,2,3.600,3.500,953,1126,7.500,"N  ",13,3,80
